Country.ID,Year,grgdp_p,cpi,interestrate,unem,savingrate,r_young,r_mid,r_old,r_imm
AUS,1990,0.1161894142973407,7.233,14.54333333,6.942,22.988,0.20545417929782606,0.4874205447084945,0.07618143745951401,0.23094383853416542
AUS,1991,-2.1738689441920256,3.307,10.22583333,9.608,18.349,0.2048222711757505,0.4873815408893781,0.07758861085647498,0.23020757707839637
AUS,1992,1.5502598672624934,0.969,6.465833333,10.742,19.263,0.20438396120731622,0.4868064822115153,0.07891648712709919,0.22989306945406937
AUS,1993,2.971105027446108,1.752,5.151666667,10.883,21.103,0.20392648250617523,0.4860903832333187,0.08010649604909713,0.22987663821140897
AUS,1994,3.852799381744676,1.927,5.656666667,9.717,21.604,0.20337450618268815,0.48567328382586256,0.08110324309907342,0.22984896689237594
AUS,1995,1.665934827747706,4.626,7.725833333,8.483,20.589,0.20264612812428084,0.4859093729881737,0.08191971697471692,0.22952478191282846
AUS,1996,2.7789214570073995,2.653,7.151666667,8.525,21.425,0.2014303775011701,0.48671867435168736,0.08241399386489409,0.22943695428224842
AUS,1997,3.695030529339261,0.225,5.395833333,8.367,21.759,0.20005930857549312,0.48765918239278355,0.08280201270878747,0.22947949632293588
AUS,1998,3.5767301313581745,0.859,5.001666667,7.692,21.535,0.19868397644986285,0.4886582873647377,0.0831022360139446,0.22955550017145485
AUS,1999,3.2577636723438275,1.408,5.011666667,6.867,20.557,0.19730794547070143,0.4898713277395678,0.08332996209779375,0.22949076469193702
AUS,2000,1.9040871157237849,4.457,6.1775,6.292,21.209,0.19585763386234847,0.49127728979701574,0.08360822812693666,0.2292568482136991
AUS,2001,1.3018016871114035,4.407,4.899166667,6.775,21.139,0.19384004994879278,0.4908551489656854,0.08372691692460478,0.23157788416091704
AUS,2002,2.995783047333078,3.049,4.746666667,6.358,21.466,0.19161546192962567,0.4906149186886382,0.08388960036702575,0.23388001901471037
AUS,2003,1.8636099173734653,2.731,4.895833333,5.942,21.464,0.1893537483587149,0.49042611137455877,0.08402201483396021,0.23619812543276608
AUS,2004,2.976616353420569,2.342,5.478333333,5.383,21.008,0.18716550877734,0.4901398371410883,0.08426740751098045,0.2384272465705912
AUS,2005,1.6823346059980926,2.659,5.644166667,5.033,21.703,0.1850748405108973,0.4899761708719953,0.08458670309034617,0.2403622855267612
AUS,2006,1.0479843215385642,3.554,5.988333333,4.792,21.151,0.18261196350686829,0.48602079025584505,0.08469983537844127,0.24666741085884528
AUS,2007,2.410093061972552,2.356,6.6675,4.375,21.25,0.18049444014505966,0.48266594720473216,0.0848652024165541,0.251974410233654
AUS,2008,0.3990934090563947,4.348,6.973333333,4.25,24.009,0.17857145113247583,0.4798365519976205,0.08511801160740146,0.25647398526250226
AUS,2009,0.1459189191730603,1.77,3.434166667,5.575,22.158,0.1767175575497804,0.4765709157471389,0.0858665039465848,0.2608450227564959
AUS,2010,1.001697769078702,2.863,4.683333333,5.208,23.039,0.17495611932490543,0.47205604857340694,0.08728954556789655,0.265698286533791
AUS,2011,1.189332629262485,3.356,4.848333333,5.083,23.829,0.17383917766080845,0.46867439287092516,0.0882519731625428,0.2692344563057237
AUS,2012,1.951968030529505,1.686,3.728333333,5.233,23.776,0.1732493272988456,0.46495774405797424,0.08954084262634991,0.27225208601683026
AUS,2013,0.5966646365781703,2.45,2.7775,5.658,23.806,0.17291907064001513,0.4612393456170171,0.09079615422793431,0.2750454295150334
AUS,2014,1.0884728045589709,2.513,2.6775,6.058,23.228,0.17253279483181622,0.45749014101166857,0.09194302980337372,0.2780340343531414
AUS,2015,0.8714106074073191,1.485,2.255833333,6.058,21.586,0.1721836335239992,0.4537124015606813,0.09308970744198199,0.2810142574733374
AUS,2016,1.007591168622457,1.277,1.986666667,5.717,20.762,0.1723008004574442,0.44795780001802704,0.09527915023956265,0.28446224928496605
AUS,2017,0.8339101202790467,1.995,1.74,5.6,21.806,0.17211366599101774,0.4429284237295575,0.0973766993246159,0.2875812109548089
AUS,2018,1.2085229115517793,1.933,1.948333333,5.283,21.697,0.17157887460105772,0.43805653294780855,0.09962041951487051,0.29074417293626315
AUS,2019,0.4412541425324656,1.566,1.344166667,5.175,22.843,0.17080811722016734,0.4327623737408818,0.10232292368858356,0.2941065853503673
AUS,2020,-2.376482437590788,0.869,0.256666667,6.475,24.282,0.1699611180031721,0.4257838521140884,0.10570304117214127,0.29855198871059824
AUS,2021,4.836191280679936,2.842,0.028333333,5.125,25.902,0.1687264623478953,0.4248869475150027,0.1102802418708206,0.2961063482662814
AUS,2022,1.9977280774345685,6.615,1.636666667,3.708,24.453,0.16699229374377136,0.42559257649268856,0.11407271738205106,0.293342412381489
AUS,2023,-0.3608339645696956,5.616,3.979166667,3.7,23.602,0.16508498844888408,0.4266480131430331,0.1176986278541509,0.29056837055393187
AUS,2024,0.4008746640080884,3.198,4.390833333,4.025,22.744,0.16508498844888408,0.4266480131430331,0.1176986278541509,0.29056837055393187
AUT,1990,3.656356340366451,2.777,8.964166667,2.723,25.873,0.16616268152173327,0.5951444631179559,0.13540147698627714,0.10329137837403378
AUT,1991,2.5548983747957665,3.116,9.463333333,3.151,25.402,0.16686959369045812,0.5929301907661845,0.135320092198929,0.10488012334442848
AUT,1992,0.9415368023794723,3.426,9.46,3.29,24.36,0.16829536772483808,0.5905981247303228,0.13477841593571208,0.10632809160912705
AUT,1993,-0.5393532583468086,3.234,7.023333333,3.958,23.053,0.1694615444295858,0.587872228318056,0.13463816704037326,0.10802806021198495
AUT,1994,1.805426565820034,2.711,5.1175,3.85,22.981,0.1700586849211183,0.5845702181426289,0.1351991237258532,0.11017197321039965
AUT,1995,2.4150969909293662,1.611,4.568333333,4.242,24.111,0.17004916090500238,0.5813545401906074,0.13603569365087942,0.11256060525351082
AUT,1996,2.2601284754453443,1.771,3.373333333,4.717,23.638,0.16882895802988465,0.5795424256848883,0.1366639599005868,0.11496465638464025
AUT,1997,2.0301194912582643,1.167,3.4975,4.758,23.825,0.1669771155587462,0.57852566879472,0.13710980452654825,0.11738741111998557
AUT,1998,3.3794057981905823,0.817,3.600833333,4.708,24.388,0.16492678949354359,0.5778832533649484,0.13738178099535556,0.11980817614615243
AUT,1999,3.5602311219033567,0.516,2.963488346,4.142,24.004,0.16286053383880258,0.5777246566675747,0.137294553310543,0.12212025618307977
AUT,2000,2.9416971141368986,1.956,4.39176543,3.883,25.23,0.16062605329787064,0.577945602406511,0.13706094700963242,0.12436739728598585
AUT,2001,0.9299026742961568,2.302,4.261780438,4.008,24.626,0.15847967588601797,0.5774557500047407,0.13690207290077727,0.12716250120846417
AUT,2002,0.9842413776481208,1.681,3.318601627,4.392,25.896,0.15653021513650114,0.5771687207164043,0.13652613551723095,0.1297749286298635
AUT,2003,0.6915102322084365,1.302,2.333474191,4.792,26.013,0.15481365454074936,0.5765542494880336,0.13629553682428364,0.13233655914693346
AUT,2004,1.9225162209613569,1.964,2.10632298,5.867,26.295,0.15290848182251623,0.5738209780863526,0.13856180914617752,0.13470873094495364
AUT,2005,1.625762799125785,2.102,2.184689332,6.025,26.239,0.15087855697352037,0.5691097480929049,0.1430404968062223,0.13697119812735242
AUT,2006,2.736389443237397,1.686,3.079211845,5.592,27.147,0.14850908992413875,0.56432745819069,0.1472933676271843,0.13987008425798694
AUT,2007,3.434423954549737,2.2,4.277596427,5.2,28.56,0.14594102750021934,0.5607493691659299,0.15033435169927456,0.14297525163457617
AUT,2008,1.132028820751807,3.23,4.634232681,4.433,29.224,0.1434776609264227,0.5580284750462635,0.1524204149759965,0.14607344905131736
AUT,2009,-3.8167908943845696,0.406,1.22834975,5.683,25.627,0.1412314139415682,0.5550635522273613,0.1544727000644872,0.1492323337665834
AUT,2010,1.5705212585100714,1.691,0.810953933,5.2,25.732,0.13934240886665736,0.5529526485155601,0.15529764378548636,0.1524072988322961
AUT,2011,2.5904838938505703,3.542,1.390599744,4.883,25.993,0.13743244289770257,0.550112792749429,0.15559749656570082,0.15685726778716758
AUT,2012,0.177039413414981,2.569,0.573181087,5.233,25.748,0.1357273903259891,0.5458939411388182,0.15729540570053066,0.16108326283466212
AUT,2013,-0.8498644009446554,2.118,0.220661223,5.35,25.69,0.13443127622759263,0.5411323699671747,0.15938894097341047,0.16504741283182214
AUT,2014,-0.0307568808771585,1.465,0.209945672,6.042,26.246,0.1335900538353796,0.5368523368684462,0.16092057416995628,0.16863703512621792
AUT,2015,0.2987725436319532,0.81,-0.019375701,6.158,25.589,0.1335390280827648,0.5334983179447893,0.16138509794929765,0.1715775560231482
AUT,2016,0.8286311918089595,0.973,-0.263695659,6.475,27.031,0.13371645674531873,0.5293876783312909,0.16132367038797754,0.17557219453541292
AUT,2017,1.4039240017154953,2.228,-0.329056116,5.925,26.242,0.13373473758144241,0.5242099371191057,0.16189995712472555,0.18015536817472655
AUT,2018,1.6773662631201836,2.122,-0.322092958,5.225,26.744,0.13339124861359314,0.5187058570116518,0.16285158523287027,0.18505130914188475
AUT,2019,2.051261278265981,1.493,-0.35631935,4.8,27.885,0.1328304099730702,0.5131386475838645,0.16405294928112946,0.1899779931619358
AUT,2020,-6.762380816017832,1.392,-0.425159625,5.475,29.02,0.13204994056429453,0.5073362883985202,0.16578089437706278,0.19483287666012247
AUT,2021,4.431591797696655,2.76,-0.548756293,6.175,29.408,0.13178549728107547,0.5055300476806407,0.16884347723246754,0.19384097780581622
AUT,2022,4.735097118917153,8.619,0.341555419,4.742,28.353,0.13176768460696392,0.504088728147732,0.17239014694070182,0.19175344030460215
AUT,2023,-2.330870118944228,7.712,3.430800561,5.1,26.714,0.13141671656392048,0.501894215485384,0.1763165235718935,0.1903725443788019
AUT,2024,-1.7565095413009768,2.918,3.57091273,5.423,24.732,0.13141671656392048,0.501894215485384,0.1763165235718935,0.1903725443788019
BEL,1990,2.928282496339496,3.453,9.633333333,6.558,23.647,0.1637574781888668,0.5704508336940748,0.13723159235126545,0.12856009576579305
BEL,1991,1.4334398710428742,3.167,9.3825,6.45,22.736,0.16483756662317214,0.5680615115910542,0.13888089972548148,0.12822002206029207
BEL,1992,1.175856790452534,2.26,9.370833333,7.092,23.056,0.16574377410601865,0.5662464325307209,0.14024225792846437,0.127767535434796
BEL,1993,-1.417524708458584,2.487,8.224166667,8.625,24.409,0.16626403126922887,0.5648633572635925,0.14145130697727662,0.12742130448990205
BEL,1994,2.8967474416235817,2.394,5.695,9.75,25.628,0.16631214761597352,0.5636894523238447,0.14282181835508098,0.1271765817051009
BEL,1995,2.082138304194725,1.265,4.783333333,9.683,25.769,0.1659702099136207,0.5622842551713899,0.1446892726983067,0.1270562622166827
BEL,1996,1.1968948491792195,1.76,3.216666667,9.55,25.247,0.1656252684425212,0.5612163549373659,0.14673523436296626,0.1264231422571467
BEL,1997,3.515971471328738,1.499,3.436666667,9.217,26.212,0.16549541401904477,0.5602456876535634,0.14852560496211542,0.1257332933652763
BEL,1998,1.7415806637260056,0.901,3.558333333,9.342,26.086,0.16559137951236091,0.5593830414562359,0.1499447892796967,0.1250807897517064
BEL,1999,3.324791052110343,1.134,2.963488346,8.425,28.876,0.1658262457865731,0.5588044958670122,0.1509598886012046,0.12440936974521012
BEL,2000,3.460008082955568,2.682,4.39176543,6.858,26.203,0.16615002150371494,0.5583745142399074,0.15175296977081987,0.12372249448555789
BEL,2001,0.8602260214771063,2.438,4.261780438,6.567,24.126,0.16570177450588264,0.5586093405519555,0.15277253937237026,0.12291634556979147
BEL,2002,1.24975368511977,1.552,3.318601627,7.525,25.248,0.16494790995776337,0.55939129038661,0.1536713199579637,0.12198947969766301
BEL,2003,0.5880455315933952,1.517,2.333474191,8.175,24.362,0.16398227299624338,0.5602436137876268,0.15467200127984457,0.12110211193628533
BEL,2004,3.167049250182119,1.857,2.10632298,8.383,25.765,0.16299573027989236,0.5609929363844713,0.15580934686409323,0.12020198647154307
BEL,2005,1.8374617247657987,2.539,2.184689332,8.475,25.677,0.16213379753028126,0.5623346108705931,0.156365006564868,0.1191665850342577
BEL,2006,1.913207192887878,2.331,3.079211845,8.267,25.821,0.1608951558488374,0.560703118019556,0.15518471091822322,0.12321701521338341
BEL,2007,2.9603122666134185,1.819,4.277596427,7.492,26.099,0.15972992310709364,0.5593068933040046,0.15383851619113184,0.12712466739777004
BEL,2008,-0.3283688491873771,4.49,4.634232681,6.967,24.931,0.1589732866187055,0.5569277498941966,0.15321053352764302,0.13088842995945502
BEL,2009,-2.6928913864113446,-0.004,1.22834975,7.992,23.678,0.15879921784422,0.5538138463879675,0.15303013691332942,0.13435679885448315
BEL,2010,1.8875984814734847,2.329,0.810953933,8.383,24.018,0.15910524686065186,0.5506266992501481,0.15276622574303203,0.13750182814616813
BEL,2011,0.441490235399633,3.344,1.390599744,7.225,22.554,0.1591801393134647,0.5458669763548134,0.1536543547087336,0.14129852962298814
BEL,2012,-0.4648270824761824,2.62,0.573181087,7.642,23.507,0.15889695609766286,0.5401060164836105,0.15553889716856642,0.14545813025016027
BEL,2013,-0.2535103589551668,1.252,0.220661223,8.567,23.66,0.15862812891007355,0.534262521822937,0.15732674532421959,0.1497826039427699
BEL,2014,1.375424812109416,0.495,0.209945672,8.667,24.026,0.1583893177226754,0.5282818674806217,0.1592223686474693,0.15410644614923355
BEL,2015,0.964353657215722,0.623,-0.019375701,8.667,24.709,0.15802089951300338,0.5230540167123201,0.16074902256780058,0.15817606120687597
BEL,2016,0.5327451555973806,1.772,-0.263695659,7.842,24.735,0.1576936229806832,0.5189010068694572,0.16211228735816322,0.16129308279169646
BEL,2017,1.1117546515979848,2.225,-0.329056116,7.108,25.033,0.1573597795928223,0.514258691352819,0.16380796496803232,0.1645735640863263
BEL,2018,1.4591648014790293,2.308,-0.322092958,5.983,24.637,0.15687940916673557,0.5099322795739288,0.16547907640521306,0.1677092348541226
BEL,2019,1.9336749564261124,1.25,-0.35631935,5.367,24.8,0.15611169912706174,0.5060698475921833,0.16715045265624526,0.17066800062450949
BEL,2020,-5.346031114408323,0.424,-0.425159625,5.567,24.955,0.15498747108670657,0.5026975486449129,0.16853158293939563,0.1737833973289849
BEL,2021,5.905340186538632,3.217,-0.548756293,6.267,26.276,0.15384578488162942,0.5019575712004056,0.17087488047003657,0.1733217634479284
BEL,2022,3.669630626346199,10.331,0.341555419,5.55,25.623,0.1523940844300977,0.501170392601844,0.17417044757606628,0.17226507539199198
BEL,2023,0.1722482134911107,2.294,3.430800561,5.517,24.642,0.15008303243272178,0.5006033095324955,0.1780938748437299,0.1712197831910528
BEL,2024,0.360773041778617,4.322,3.57091273,5.7,23.234,0.15008303243272178,0.5006033095324955,0.1780938748437299,0.1712197831910528
CAN,1990,-1.310876928486571,4.78,13.02129167,8.15,17.87,0.1982129544340445,0.5599575990054497,0.08589547991112093,0.15593396664938491
CAN,1991,-3.332100717816844,5.626,9.110208333,10.317,15.609,0.19796689349768348,0.5574124092604162,0.0869481764982847,0.15767252074361554
CAN,1992,-0.3100795715692661,1.49,6.677083333,11.217,14.768,0.19784674484626952,0.5548329644715303,0.08781529035053418,0.15950500033166598
CAN,1993,1.4849691298720824,1.865,5.102958333,11.375,14.636,0.19733885865927972,0.5527950353646366,0.08850324743084932,0.16136285854523436
CAN,1994,3.380549283160228,0.166,5.487708333,10.392,17.138,0.19614847735121588,0.5514993173572041,0.08909616803828502,0.16325603725329496
CAN,1995,1.6193161344031817,2.149,7.130799183,9.467,18.555,0.19447146634312693,0.5506915232718249,0.08970050593650393,0.16513650444854425
CAN,1996,0.6336630861978332,1.571,4.449063673,9.608,19.341,0.19237012019821614,0.549413652551295,0.0904408141368863,0.1677754131136025
CAN,1997,3.2407813055907564,1.621,3.557644557,9.092,19.877,0.1899917126563616,0.5483677732216036,0.09118849543311179,0.170452018688923
CAN,1998,3.0089344378261496,0.996,5.06840368,8.292,19.704,0.18734142479107999,0.5476424992778184,0.0918190801345844,0.17319699579651734
CAN,1999,4.29904487628674,1.735,4.915108186,7.567,20.861,0.1843809639030995,0.5474577774758116,0.09225986717312666,0.17590139144796219
CAN,2000,4.176777497831696,2.719,5.442333333,6.833,23.161,0.18118600911704633,0.5477455135914211,0.09264205135582405,0.17842642593570857
CAN,2001,0.8097098488850873,2.525,3.859166667,7.225,21.885,0.17827600470141566,0.548831365914903,0.09267207343778638,0.18022055594589495
CAN,2002,1.8919711290506624,2.258,2.514625,7.683,21.471,0.17548832267301903,0.5498422123393808,0.0926926992220136,0.18197676576558652
CAN,2003,0.8593292922602691,2.759,2.858416667,7.592,21.699,0.17274191601948988,0.5505969315328245,0.09284195408274068,0.18381919836494495
CAN,2004,2.1308394475487047,1.857,2.219,7.15,23.729,0.1697894363144808,0.5514084190463119,0.09314781191203257,0.18565433272717466
CAN,2005,2.237588548609737,2.214,2.695166667,6.75,24.561,0.16660173174785473,0.5523496745840412,0.09365794689196016,0.1873906467761439
CAN,2006,1.6081596462531822,2.002,4.009458333,6.45,25.038,0.16313248891432564,0.5520233158525287,0.09511310588415071,0.1897310893489948
CAN,2007,1.0577092873276015,2.138,4.142,6.158,24.732,0.1602099970985585,0.5509585522364405,0.09688631342914444,0.19194513723585652
CAN,2008,-0.0718441251990609,2.37,2.336875,6.308,24.221,0.1577943552118092,0.5493577656907507,0.09887158348277689,0.1939762956146633
CAN,2009,-4.02144155518116,0.299,0.331541667,8.475,19.05,0.1556112826234195,0.5474853058799201,0.10105686626946864,0.1958465452271919
CAN,2010,1.9454350742974968,1.777,0.561791667,8.158,19.918,0.15357802111790927,0.5452036096197437,0.10350377242544381,0.1977145968369032
CAN,2011,2.1176471754870585,2.912,0.911666667,7.625,21.438,0.15253664815993948,0.5430066094489719,0.10493071390108408,0.1995260284900046
CAN,2012,0.6824020903166472,1.516,0.941583333,7.442,21.337,0.15195539748625217,0.5396818545376284,0.1071115437387157,0.20125120423740375
CAN,2013,1.2506597408832532,0.938,0.966166667,7.208,21.766,0.15175186488307704,0.5358270635762051,0.10950273538851739,0.20291833615220053
CAN,2014,1.835709528354701,1.907,0.909708333,7.058,22.551,0.1517875232639507,0.5317317951583312,0.11175719122130867,0.20472349035640935
CAN,2015,-0.1603672708100356,1.125,0.527458333,7.0,20.326,0.15203566052097875,0.5274448606279577,0.11395119391081213,0.20656828494025148
CAN,2016,-0.0153774993923438,1.429,0.486541667,7.05,19.673,0.15138127736973184,0.5238666633767354,0.11699151849666205,0.20776054075687067
CAN,2017,1.786478060674579,1.597,0.688083333,6.417,20.748,0.15036983376922228,0.5210137691986415,0.12005250200860552,0.2085638950235308
CAN,2018,1.313256205014257,2.268,1.373583333,5.833,21.0,0.14901051762829903,0.5186346938417088,0.12318316889889137,0.20917161963110073
CAN,2019,0.4271653194504399,1.949,1.655625,5.683,21.089,0.1475176312734523,0.5160887516558567,0.12663781316403572,0.20975580390665527
CAN,2020,-6.144312924183648,0.717,0.451458333,9.742,20.658,0.14594767900221475,0.5126889668741159,0.13049298670000778,0.21087036742366147
CAN,2021,5.330462525995294,3.395,0.113041667,7.483,24.286,0.14470954261080954,0.5101436631250639,0.13582367915042093,0.20932311511370566
CAN,2022,2.461343076194522,6.779,2.177791667,5.25,25.015,0.14287806843152615,0.5089067307167962,0.1408720283904239,0.20734317246125378
CAN,2023,-1.271995003901194,3.885,4.740916667,5.383,23.268,0.1405976438979672,0.5089444086442224,0.14563590119464426,0.20482204626316614
CAN,2024,-1.372909725866589,2.398,4.366375,6.375,22.76,0.1405976438979672,0.5089444086442224,0.14563590119464426,0.20482204626316614
CHE,1990,2.8734525868656657,5.404,8.8346,0.501,37.93,0.15589990009195354,0.5079812482115387,0.12872333246886383,0.2073955192276439
CHE,1991,-2.145986583802384,5.859,8.119991667,1.083,35.878,0.1540748799919964,0.5092415008660144,0.12929751870050393,0.20738610044148525
CHE,1992,-1.3998802675955213,4.037,7.78,2.549,33.594,0.15262458072126162,0.5098648948105908,0.12996284172748984,0.20754768274065769
CHE,1993,-1.0839745725166772,3.293,4.817433333,4.504,33.946,0.1514324370368513,0.5095561526445401,0.13085514980601334,0.20815626051259523
CHE,1994,0.4144745376509773,0.851,4.044125,4.723,33.905,0.14959402452603904,0.5094298598537589,0.13199616076870418,0.2089799548514979
CHE,1995,-0.1236025896268588,1.798,2.951608333,4.233,32.938,0.14724058133841067,0.5093496854439205,0.13336304249250142,0.21004669072516746
CHE,1996,-0.1725647233118743,0.81,1.920358333,4.656,32.924,0.14453846701518763,0.5088486963904312,0.13489916795150822,0.2117136686428729
CHE,1997,1.9608992243683727,0.518,1.579625,5.199,34.514,0.14131491554891004,0.5082583309382455,0.13663566041827932,0.21379109309456515
CHE,1998,2.718491426546543,0.019,1.434916667,3.856,34.983,0.137718568761813,0.5081339990163554,0.1384058824034066,0.2157415498184251
CHE,1999,1.2287461403915678,0.808,1.295275,2.723,35.66,0.13414355663908828,0.5084877201827909,0.1400752870787043,0.21729343609941654
CHE,2000,3.5295571026001227,1.561,2.940906639,1.824,37.677,0.13043800837318284,0.5091953215799568,0.14172043134983248,0.2186462386970279
CHE,2001,1.1334115364814767,0.991,2.813803106,1.703,34.31,0.13083278574552537,0.5051441518417805,0.14016411097628895,0.22385895143640522
CHE,2002,-0.8530563283313364,0.641,1.049703189,2.546,32.958,0.13097514518972483,0.5020444164054496,0.13828348596023052,0.22869695244459495
CHE,2003,-0.9011319386315386,0.636,0.215319272,3.691,36.727,0.1320639393725761,0.4982764176246178,0.13626808784463842,0.23339155515816778
CHE,2004,1.8668264679292608,0.801,0.37747745,3.879,37.159,0.13283692622126894,0.4942842580866471,0.13473492606404125,0.23814388962804273
CHE,2005,2.1555556628455097,1.173,0.712353827,3.763,38.485,0.13341127742143483,0.4901148076319901,0.13354065348434696,0.24293326146222807
CHE,2006,3.537070545532761,1.064,1.411712857,3.332,40.358,0.13370687927232552,0.4849763903473273,0.1326861544192833,0.24863057596106383
CHE,2007,3.227499306143544,0.735,2.34283764,2.766,35.124,0.1340366642850772,0.4802326880511401,0.1321536579796302,0.2535769896841525
CHE,2008,1.5420147548277807,2.428,1.841202637,2.577,28.596,0.1347475073700608,0.4762130240699486,0.1315997899951425,0.2574396785648482
CHE,2009,-3.687218470473097,-0.48,0.093643937,3.701,34.008,0.13592480657874584,0.47154905659280055,0.1313054424182035,0.26122069441025014
CHE,2010,2.10028570434051,0.688,0.150082827,3.516,39.014,0.13763294486594804,0.4661640569179697,0.1310295551731855,0.26517344304289675
CHE,2011,0.8140746076494398,0.228,0.057504212,2.843,34.712,0.13667620985444012,0.46361738263107816,0.13287728532834223,0.26682912218613947
CHE,2012,0.125965795409666,-0.693,-0.061721096,2.905,35.454,0.13558195590370783,0.46081363542970427,0.13501991798524463,0.26858449068134327
CHE,2013,0.7848840797189727,-0.216,-0.047170994,3.158,34.763,0.13486690852607564,0.45821975523537783,0.1368681192238187,0.2700452170147279
CHE,2014,1.018085656122536,-0.012,0.001120527,3.044,32.472,0.13446911264028977,0.45576855512884823,0.13851333090483173,0.27124900132603025
CHE,2015,0.3651734514147131,-1.142,-0.724724753,3.178,33.985,0.1341753809240875,0.45327020954053954,0.13995494169799033,0.2725994678373826
CHE,2016,1.0089489731569312,-0.434,-0.768297617,3.323,32.868,0.13427716936594233,0.449479605788773,0.14103918362736464,0.27520404121792
CHE,2017,0.3123587655648796,0.535,-0.847818483,3.088,31.31,0.13470476817763927,0.44493924975170435,0.1422011827347974,0.2781547993358591
CHE,2018,2.083823843565602,0.935,-0.806276469,2.547,31.258,0.1351720212821358,0.4397003432634741,0.14354816200777218,0.2815794734466178
CHE,2019,0.4338397510704084,0.363,-0.773305397,2.306,29.888,0.1354881665151855,0.43453667981576033,0.14497001698858553,0.2850051366804686
CHE,2020,-2.982316017305997,-0.724,-0.697590669,3.17,30.13,0.13557733353941512,0.42994646830193084,0.14615659837245906,0.28831959978619487
CHE,2021,4.7938940847951805,0.583,-0.735514985,2.993,33.463,0.13596253645117645,0.4296808777419746,0.1482371099607116,0.28611947584613734
CHE,2022,2.311629630786527,2.834,-0.177431261,2.166,33.554,0.13602027346567666,0.42909052610603376,0.15154099403310808,0.28334820639518155
CHE,2023,-0.1252770345603893,2.135,1.521064402,2.035,31.184,0.13555568807880358,0.42777243739150206,0.155827292095731,0.2808445824339633
CHE,2024,-0.3920499588417558,1.06,1.241340192,2.448,31.914,0.13555568807880358,0.42777243739150206,0.155827292095731,0.2808445824339633
CHL,1990,1.9774679616243016,26.036,,7.75,21.431,0.2953190089941518,0.63757113101741,0.05910959267036467,0.00800026731807338
CHL,1991,5.850806668910868,21.784,,8.217,22.599,0.29319979789922646,0.6371155889507997,0.06130516023761699,0.008379452912356906
CHL,1992,8.617159891794145,15.426,,6.7,20.204,0.2909768914466429,0.6365430997090116,0.06373164037580546,0.008748368468540005
CHL,1993,4.910887289383892,12.728,,6.5,21.702,0.28854429597038095,0.6361129579367188,0.06623424474177077,0.009108501351129422
CHL,1994,3.436381309738512,11.443,,7.808,20.071,0.2859980221085737,0.635922373838523,0.06861946307749736,0.00946014097540586
CHL,1995,7.346950617021086,8.233,,7.375,24.751,0.2833706473530691,0.636017956849278,0.07080804617129383,0.009803349626359021
CHL,1996,3.5185794117348568,7.359,12.46,6.5,25.32,0.28074234601759573,0.6361682200587748,0.07294965255808393,0.01013978136554553
CHL,1997,5.955080428710002,6.134,16.76,6.108,25.078,0.2777390719510606,0.6368499389700989,0.07493828283659974,0.010472706242240674
CHL,1998,2.843801160054804,5.11,16.41208333,6.217,23.4,0.2742880177083263,0.6380718371522519,0.07684108573891021,0.010799059400511603
CHL,1999,-1.506567472995879,3.337,10.955,10.008,22.489,0.27036918269015014,0.6397636316903907,0.07874730018073595,0.011119885438723182
CHL,2000,3.733490522630856,3.843,10.7575,9.708,22.505,0.2660837926073466,0.6417959723639005,0.0806821432522115,0.011438091776541436
CHL,2001,1.9794464236085216,3.569,7.233333333,9.867,22.953,0.2613889868488277,0.6435175510807327,0.08252399650111399,0.01256946556932549
CHL,2002,2.0738600505253224,2.489,3.925,9.8,23.122,0.2562615330737933,0.6456872117352297,0.0843708276974816,0.013680427493495285
CHL,2003,3.631724312440232,2.81,2.7675,9.533,23.573,0.2507033697215212,0.6483636766535819,0.08615900845638697,0.0147739451685101
CHL,2004,5.574657707118202,1.055,1.83,10.017,24.473,0.24482973294871546,0.6514034703023598,0.08791770151720284,0.015849095231721937
CHL,2005,4.7818065324887415,3.052,3.530833333,9.3,25.156,0.23877427532425585,0.6546371127749461,0.08968459568307167,0.01690401621772637
CHL,2006,4.983509783725526,3.392,4.825833333,7.95,27.682,0.232467677329745,0.6582664345010896,0.09132645447965373,0.017939433689511623
CHL,2007,4.0855817571537445,4.408,5.179166667,7.008,27.466,0.22656197473298945,0.6615268840287818,0.09295845705810554,0.01895268418012317
CHL,2008,2.6716661013662657,8.716,7.236666667,7.75,24.133,0.22130865584083792,0.6641435518571545,0.09460735407614759,0.01994043822586013
CHL,2009,-2.191868521486961,1.484,1.746666667,11.053,24.317,0.21654375417646976,0.6662081389237767,0.09634346058569239,0.020904646314061234
CHL,2010,4.7173935725215,1.41,2.07,8.305,25.659,0.21207636904515242,0.667898061538877,0.09817714020178957,0.02184842921418105
CHL,2011,5.052748451543421,3.341,4.93625,7.3,21.706,0.20804166572656332,0.6669549592663662,0.10032266076134799,0.024680714245722588
CHL,2012,5.003128237514543,3.006,5.12,6.595,23.5,0.20444833441681629,0.6654461791143721,0.10264278129510965,0.027462705173701942
CHL,2013,2.320636829167944,1.794,4.75,6.082,22.702,0.20124122191055901,0.6633237060211404,0.10524400497054151,0.03019106709775902
CHL,2014,0.7870912017467147,4.715,4.11,6.495,21.709,0.19838111373056552,0.6606828407325379,0.10808503825669166,0.0328510072802049
CHL,2015,1.1071648010036128,4.349,3.0,6.328,22.778,0.19571956986806938,0.6577164957240497,0.11111749853187058,0.035446435876010395
CHL,2016,0.6568006232556156,3.787,3.528888889,6.685,21.127,0.19188485780390852,0.6482398924215156,0.1138484251696406,0.04602682460493513
CHL,2017,-0.0292649516900556,2.182,2.516111111,6.965,19.875,0.1876617686935908,0.6398800411716933,0.11632112250383811,0.05613706763087779
CHL,2018,2.1476693602892283,2.319,2.657916667,7.377,19.634,0.18344045746427906,0.6321452845101708,0.11862872714302204,0.06578553088252799
CHL,2019,-1.2396274978373143,2.254,2.678333333,7.223,19.702,0.17946474856628988,0.6242622466473144,0.12105808369983476,0.075214921086561
CHL,2020,-7.836965154008002,3.045,1.41,10.77,19.132,0.17561230861741986,0.6156037100301983,0.12386080076718232,0.08492318058519954
CHL,2021,10.070143726816404,4.525,1.836666667,8.862,16.679,0.17248753028191233,0.6157958123046202,0.12716758460252586,0.08454907281094166
CHL,2022,1.380183770286325,11.644,9.211666667,7.878,16.927,0.16913917692528216,0.6161139984574774,0.13061590203649442,0.08413092258074596
CHL,2023,-0.1450143452844887,7.582,11.25,8.681,20.208,0.1654524034613445,0.6163083163371582,0.13456112735062886,0.08367815285086833
CHL,2024,2.003049353783215,3.927,7.24,8.462,21.776,0.1654524034613445,0.6163083163371582,0.13456112735062886,0.08367815285086833
DEU,1990,3.734466406418657,2.687,8.488333333,6.155,24.252,0.15605835547739969,0.6262495756540449,0.14321793762151153,0.07447413124704398
DEU,1991,3.665856147569357,3.474,9.246666667,5.47,25.031,0.157566634085149,0.6216666494817965,0.14303847757192625,0.07772823886112827
DEU,1992,1.347535732149363,5.046,9.5175,6.592,24.654,0.1579988412415124,0.6181236504431005,0.14297951299079908,0.08089799532458793
DEU,1993,-1.5271254072382612,4.476,7.295,7.775,23.373,0.15802748722192916,0.6144126631104454,0.14345888714637706,0.08410096252124845
DEU,1994,2.344352295215635,2.717,5.364166667,8.425,23.241,0.1576558766971007,0.6101648041945168,0.14463566742214468,0.08754365168623794
DEU,1995,1.31127034902756,1.733,4.531666667,8.233,23.408,0.1566598226560666,0.6064336247803208,0.14589928646637246,0.09100726609724015
DEU,1996,0.8320193623797989,1.274,3.305,8.908,22.976,0.15546228729679876,0.6032841250338341,0.14680002894854932,0.09445355872081766
DEU,1997,1.802983395946756,1.507,3.325,9.658,23.061,0.15449617220068376,0.6001408344578477,0.14734464787914225,0.09801834546232623
DEU,1998,2.1835361873596915,0.596,3.544166667,9.383,23.563,0.1527969031435777,0.5964587107250323,0.14854779009675656,0.10219659603463345
DEU,1999,2.156347672912573,0.647,2.963488346,8.558,22.601,0.1509241605422014,0.5919404590353371,0.15077925667074776,0.10635612375171384
DEU,2000,2.837087466871946,1.413,4.39176543,7.95,22.44,0.14949329872712055,0.586846691200537,0.15372196123174467,0.10993804884059775
DEU,2001,1.5577438604710503,1.9,4.261780438,7.8,22.591,0.1479951582180874,0.5838986103484449,0.15735114816874088,0.11075508326472669
DEU,2002,-0.3031144314266876,1.326,3.318601627,8.6,22.106,0.14605586480431035,0.5812470978069719,0.1611246709167391,0.1115723664719787
DEU,2003,-0.4999403873302444,1.074,2.333474191,9.708,21.076,0.14379199615187208,0.5783712829276875,0.16532498255377767,0.11251173836666263
DEU,2004,1.2862286652974175,1.78,2.10632298,10.333,23.536,0.14142178412836748,0.5745824454068293,0.1704596967951179,0.11353607366968531
DEU,2005,1.0315202490722264,1.928,2.184689332,11.008,23.387,0.13903497348989427,0.5703229332215742,0.17604341345448252,0.11459867983404896
DEU,2006,4.070387287288213,1.775,3.079211845,10.042,25.708,0.13661658664268947,0.565367774297636,0.1819301874614506,0.11608545159822398
DEU,2007,3.1167029025640725,2.271,4.277596427,8.542,27.459,0.13476518721107453,0.5611756631430385,0.18638947063534383,0.11766967901054311
DEU,2008,1.1953387697253517,2.754,4.634232681,7.425,26.499,0.13376322688761338,0.5583976131704276,0.1888865741533124,0.11895258578864673
DEU,2009,-5.217481414600734,0.246,1.22834975,7.225,23.839,0.13332809499164908,0.5556833723556636,0.1907653192489609,0.12022321340372653
DEU,2010,4.404044017693432,1.119,0.810953933,6.575,25.297,0.1331439437708271,0.5547127544898535,0.19075086287520354,0.12139243886411592
DEU,2011,3.775533384184082,2.482,1.390599744,5.517,27.582,0.13173761365366604,0.5560849977089739,0.18981584767994183,0.1223615409574183
DEU,2012,0.2806900946977997,2.159,0.573181087,5.083,26.692,0.1296201305469749,0.5566096376975688,0.1904883485874225,0.1232818831680338
DEU,2013,0.1124180076919501,1.607,0.220661223,4.95,26.519,0.1278062040287306,0.5563282991953953,0.19176678332714917,0.12409871344872508
DEU,2014,1.7468860920105025,0.769,0.209945672,4.708,27.392,0.12705356045658625,0.5555610579914885,0.19279364648678088,0.12459173506514447
DEU,2015,0.7794961938790923,0.68,-0.019375701,4.367,27.567,0.12716876218181,0.5549188142499452,0.19339094433623483,0.12452147923200997
DEU,2016,1.4676425024672255,0.367,-0.263695659,3.908,28.641,0.12708352070975262,0.5464256209687512,0.18960333090452614,0.13688752741697005
DEU,2017,2.330360583004376,1.702,-0.329056116,3.567,28.581,0.12712993971518124,0.5366574237509389,0.18655398529700257,0.14965865123687716
DEU,2018,0.8132245191703857,1.935,-0.322092958,3.208,29.899,0.1269291807084151,0.5271035918953831,0.18348810750841632,0.16247911988778546
DEU,2019,0.7649096357427165,1.354,-0.35631935,2.975,29.178,0.12667141990426153,0.5173101415964598,0.18064515144603524,0.17537328705324337
DEU,2020,-4.1782218952711725,0.371,-0.425159625,3.625,27.987,0.12639463396711428,0.5069819594308335,0.17814199534122901,0.18848141126082318
DEU,2021,3.62705372674601,3.212,-0.548756293,3.575,29.381,0.12736384807678333,0.5032357011966337,0.18107301410416551,0.18832743662241752
DEU,2022,0.6391747118645652,8.666,0.341555419,3.067,26.866,0.1279637448829759,0.5000773016013669,0.18450308158076828,0.18745587193488894
DEU,2023,-1.109543949932712,6.03,3.430800561,3.025,27.234,0.1280551274928508,0.49747982899843285,0.18803350243957204,0.1864315410691443
DEU,2024,-0.469672176193725,2.489,3.57091273,3.408,26.777,0.1280551274928508,0.49747982899843285,0.18803350243957204,0.1864315410691443
DNK,1990,1.553074840233548,2.648,11.17800524,7.167,20.793,0.16442188085060858,0.6382130995278179,0.15161752763310818,0.04574749198846534
DNK,1991,1.2388812596637155,2.167,9.918040743,7.867,19.6,0.1633981779836408,0.6368591389263949,0.1514780007428685,0.04826468234709574
DNK,1992,1.714625823250726,1.944,11.69775898,8.608,18.923,0.16366649282481788,0.6345887460704297,0.151012217852649,0.05073254325210337
DNK,1993,-0.4370109860870386,0.872,10.86824211,9.533,17.355,0.16444280068156625,0.6322258041948203,0.1501497214008226,0.05318167372279078
DNK,1994,4.967707031121127,1.841,6.302277964,7.733,18.716,0.16559337688341927,0.6296846474758554,0.14911043864231222,0.05561153699841314
DNK,1995,2.6619423716271573,2.038,6.20278294,6.758,20.645,0.16758315881192962,0.626781073727013,0.1477173364721708,0.05791843098888668
DNK,1996,2.207796598065181,2.092,3.983448902,6.317,20.019,0.16964460652987953,0.6239520181004692,0.14623094362451708,0.0601724317451342
DNK,1997,2.6952856167296924,1.933,3.731127724,5.242,23.33,0.1716014558087127,0.620771726204273,0.1451342895553199,0.0624925284316944
DNK,1998,1.942361920343627,1.314,4.272079069,4.883,22.451,0.1734600025413526,0.6174574709921947,0.14425563820188367,0.06482688826456913
DNK,1999,2.608428141108332,2.041,3.437818813,5.108,23.365,0.17519800361136564,0.6140774298666647,0.1435589906027264,0.06716557591924326
DNK,2000,3.400107431122179,2.751,4.997200789,4.317,24.285,0.17671897931300287,0.610697107315009,0.1430989453726301,0.06948496799935801
DNK,2001,0.5917501033472439,2.269,4.702664261,4.508,25.393,0.17853358980732356,0.6068306913377327,0.14281079743555866,0.07182492141938498
DNK,2002,0.0958035029507975,2.397,3.543718946,4.642,24.254,0.1798908994655651,0.6031397560881695,0.14279303469390298,0.07417630975236233
DNK,2003,0.1587180985655134,1.961,2.423353694,5.433,24.811,0.18075143668525728,0.5995298500423096,0.14317090212527483,0.07654781114715828
DNK,2004,2.5091029658850683,0.937,2.195047156,5.517,25.681,0.18095660398793767,0.5961757377699507,0.14395122449440276,0.07891643374770889
DNK,2005,2.096588014482692,1.726,2.224244653,4.8,26.224,0.18050109100295975,0.593139712867543,0.14510104105420474,0.08125815507529263
DNK,2006,3.5124752491533906,1.844,3.180477092,3.9,27.443,0.17951215833980086,0.5908881601936212,0.1463872755829051,0.08321240588367278
DNK,2007,0.6229864939600205,1.657,4.441651643,3.617,26.523,0.1781417996571339,0.588597861398669,0.14820504294798215,0.08505529599621503
DNK,2008,-0.9395022268033792,3.638,5.262556544,2.65,26.901,0.17651715440608245,0.585967488407537,0.15075945660929888,0.08675590057708163
DNK,2009,-5.592658570246368,1.042,2.499273967,4.833,22.619,0.17477000992002242,0.5825750705255838,0.1541742219553869,0.08848069759900694
DNK,2010,1.156710941989636,2.198,1.248442283,6.058,24.237,0.1727921339074283,0.5784645888393953,0.1584793242442472,0.09026395300892912
DNK,2011,0.8409660745333669,2.656,1.383979445,5.95,25.333,0.17064795689131046,0.5727239420777694,0.16332225124034055,0.0933058497905795
DNK,2012,-0.3612363253817641,2.354,0.620019506,6.075,25.291,0.16834407309193547,0.567051957946797,0.1682481667957667,0.09635580216550085
DNK,2013,0.9929809074968876,0.522,0.27136044,5.758,26.72,0.1659614991632285,0.5622909774265371,0.1724062288386307,0.09934129457160372
DNK,2014,0.8350523899819162,0.352,0.314957823,4.992,28.55,0.16370423867348805,0.5583865038305793,0.17569872323476018,0.1022105342611725
DNK,2015,1.5154781007732598,0.226,-0.123318838,4.542,28.5,0.16172094555994412,0.5551656394310679,0.17827398028151023,0.10483943472747775
DNK,2016,2.2171139405624984,0.017,-0.144246122,4.125,28.768,0.15995716630753704,0.5514624399527881,0.1803063300327624,0.1082740637069125
DNK,2017,2.31170393418052,1.058,-0.263757907,4.2,29.28,0.15854639448494823,0.5473095320032304,0.1823424399774646,0.11180163353435667
DNK,2018,1.2875917515312585,0.709,-0.299244289,3.85,28.84,0.15699981937664836,0.5429973068738966,0.18455326011341902,0.1154496136360361
DNK,2019,1.277204602279025,0.729,-0.371996934,3.658,29.332,0.1553895066374518,0.5384751897308482,0.18691262376026904,0.11922267987143095
DNK,2020,-2.0628850387555464,0.333,-0.240562448,4.658,29.989,0.15378734225837817,0.5337698682849955,0.1893920634893416,0.12305072596728474
DNK,2021,7.062106537101842,1.944,-0.230067432,3.608,32.28,0.15250214857951297,0.5330666109591172,0.19191094281982585,0.12252029764154394
DNK,2022,0.9640529720576384,8.534,0.61551601,2.517,36.352,0.15119788083948857,0.5337195500485481,0.19351968061141428,0.12156288850054893
DNK,2023,1.471915681249092,3.353,3.503739655,2.767,32.662,0.14957424060459945,0.5341934402480508,0.1955938637252188,0.12063845542213095
DNK,2024,3.1794635480725475,1.268,3.495989614,2.9,34.657,0.14957424060459945,0.5341934402480508,0.1955938637252188,0.12063845542213095
ESP,1990,3.6648339173265487,6.722,15.15158333,16.238,21.525,0.19436537243630092,0.6514159825952575,0.13319765375849374,0.021020991209947944
ESP,1991,2.254132127806185,5.934,13.22675,16.313,20.692,0.18731429372850336,0.6543485280851812,0.13636629162482228,0.021970886561493323
ESP,1992,0.5183987369437038,7.145,13.342,18.353,18.856,0.18087008141519206,0.6570165804356027,0.13925737916223999,0.022855958986965248
ESP,1993,-1.6199963286820496,4.569,11.68808333,22.64,19.265,0.17477174262308218,0.6593305580117392,0.14217402360423045,0.023723675760948082
ESP,1994,2.0596688684198394,4.718,8.0085,24.118,19.027,0.16885068350350083,0.6613101441628062,0.14524293372638494,0.024596238607308033
ESP,1995,3.878789387326931,4.674,9.355166667,22.9,20.978,0.16309676710611853,0.6629036654485851,0.14853147053931082,0.025468096905985515
ESP,1996,2.184800344375648,3.599,7.495,22.08,20.814,0.1577442035727383,0.6621046722435053,0.1516325966815129,0.02851852750224344
ESP,1997,3.5918842348674263,1.877,5.373333333,20.61,21.338,0.15331110419879604,0.6604645859102996,0.1546846382131172,0.031539671677787255
ESP,1998,4.10398411163293,1.764,4.242,18.605,21.633,0.1494439956156272,0.6582868140103512,0.1577422043616953,0.0345269860123264
ESP,1999,4.2070670572184055,2.235,2.963488346,15.64,21.626,0.1462918627124274,0.6558643720514883,0.1603594641801169,0.0374843010559675
ESP,2000,4.173762628366839,3.484,4.39176543,13.857,22.436,0.14383604180954238,0.653068619380148,0.16269323957400106,0.040402099236308574
ESP,2001,2.983138281642117,2.825,4.261780438,10.54,22.167,0.14129254928153004,0.6419543810970672,0.1646924079743343,0.05206066164706856
ESP,2002,0.8136083932274829,3.59,3.318601627,11.45,23.045,0.13949862514592018,0.6321595392093018,0.16518252691895702,0.06315930872582103
ESP,2003,1.1959337351554522,3.103,2.333474191,11.485,23.707,0.13833364901022416,0.624504182803104,0.16359115113172107,0.07357101705495081
ESP,2004,1.3265047234086058,3.054,2.10632298,10.965,22.885,0.13723334472699458,0.6179878664677704,0.16111337627397487,0.08366541253126028
ESP,2005,1.872557704228317,3.384,2.184689332,9.153,22.209,0.13628033331600653,0.6104313041606947,0.15985500997124927,0.09343335255204949
ESP,2006,2.245998223964452,3.561,3.079211845,8.453,21.788,0.13600844918266003,0.6029915462866772,0.15938354348057485,0.10161646105008794
ESP,2007,1.528087996286942,2.843,4.277596427,8.233,21.108,0.13591921717543046,0.5967502844627335,0.1579996044072538,0.10933089395458225
ESP,2008,-0.4768293534234025,4.131,4.634232681,11.245,19.688,0.13621279646391243,0.5889917853237503,0.15776456971370684,0.11703084849863049
ESP,2009,-4.279710062449871,-0.239,1.22834975,17.855,19.375,0.1368147394306187,0.57865738912126,0.15918269641073543,0.12534517503738593
ESP,2010,-0.2930497242156105,2.043,0.810953933,19.858,18.841,0.1372069023686066,0.5672690655985391,0.16145061648237252,0.1340734155504818
ESP,2011,-0.9589028826592628,3.05,1.390599744,21.39,18.1,0.13900775761033027,0.565285158419098,0.16373794504313666,0.1319691389274351
ESP,2012,-2.646363912542904,2.436,0.573181087,24.788,18.75,0.14040932659815755,0.5632129857461419,0.16611952287323736,0.13025816478246327
ESP,2013,-0.9680204588167652,1.53,0.220661223,26.095,19.493,0.14138552072198973,0.5600445122211853,0.1695324210816944,0.1290375459751305
ESP,2014,1.6745355265403106,-0.19,0.209945672,24.443,19.928,0.14204059005542302,0.5571486544226734,0.17305059188814256,0.1277601636337611
ESP,2015,4.077713795038584,-0.629,-0.019375701,22.058,21.42,0.14238182691915116,0.5560233182958175,0.17540070636238966,0.12619414842264168
ESP,2016,2.7408973035238704,-0.337,-0.263695659,19.635,22.208,0.14149732529235212,0.5513384001988668,0.1770327486037582,0.13013152590502283
ESP,2017,2.5682879387012525,2.036,-0.329056116,17.225,22.359,0.14043530918267008,0.5470662418292436,0.17868591347056692,0.1338125355175194
ESP,2018,1.7965604752163244,1.736,-0.322092958,15.255,22.583,0.13881667441413204,0.5437639337851516,0.18020517819478254,0.1372142136059337
ESP,2019,1.1014673314579948,0.78,-0.35631935,14.105,23.038,0.13659845356348743,0.5417074277815135,0.18146039857094065,0.1402337200840584
ESP,2020,-11.096627741324916,-0.337,-0.425159625,15.533,21.416,0.13404064586346554,0.539775363364318,0.18267989407352916,0.14350409669868733
ESP,2021,6.492033779742568,3.008,-0.548756293,14.92,22.647,0.13113809552474326,0.5402939251069591,0.18523275579902646,0.14333522356927123
ESP,2022,4.8600227698575305,8.323,0.341555419,13.035,23.005,0.12802943942333822,0.5399092683094604,0.18900393505885338,0.143057357208348
ESP,2023,1.5263886720573216,3.4,3.430800561,12.185,23.659,0.12467061329088513,0.5388370675610893,0.19368337668767527,0.1428089424603503
ESP,2024,2.205990982534911,2.867,3.57091273,11.345,23.499,0.12467061329088513,0.5388370675610893,0.19368337668767527,0.1428089424603503
FIN,1990,-0.1919588119374426,4.957,13.99666667,3.2,25.086,0.18989837714262794,0.6650653003313897,0.13235126314153503,0.012685059384447242
FIN,1991,-6.333921337256321,4.545,13.07916667,6.7,18.734,0.1891395286684165,0.662899491012948,0.1338900811347699,0.014070899183865589
FIN,1992,-3.898760759136088,3.254,13.25166667,11.8,16.41,0.1884272932884953,0.6608159855680555,0.1353179438604341,0.015438777283015095
FIN,1993,-1.2904826175125006,3.326,7.773333333,16.5,17.143,0.1879688705815943,0.6584882534406771,0.13673879275804832,0.0168040832196803
FIN,1994,3.493903752647753,1.614,5.35,16.7,20.605,0.18749521097597632,0.6558202253197113,0.13851910161004555,0.01816546209426686
FIN,1995,3.806593558416238,0.398,5.75,15.5,24.138,0.18682801080086864,0.6531162130983781,0.14053139999676972,0.019524376103983568
FIN,1996,3.2957027170319897,1.063,3.625,14.6,23.721,0.18580278538334755,0.6509889669018764,0.14232439979850592,0.020883847916270102
FIN,1997,6.07635996846283,1.217,3.231666667,12.7,26.463,0.18418511943267654,0.6497621657903568,0.1438114174817726,0.022241297295193998
FIN,1998,5.146262194011175,1.349,3.568333333,11.5,27.677,0.18195334553981063,0.6495389584030264,0.14490970104479475,0.023597995012368176
FIN,1999,4.140407635360899,1.31,2.963488346,10.275,27.206,0.1797010017973035,0.6493845145383346,0.14595895163232486,0.02495553203203707
FIN,2000,5.5152689878182,2.952,4.39176543,9.875,30.986,0.17784460284245115,0.648453117599846,0.14738896853223354,0.02631331102546916
FIN,2001,2.445815985296629,2.665,4.261780438,9.2,30.81,0.17624851796588684,0.6464088369036757,0.14893149942434145,0.028411145706095892
FIN,2002,1.4174465717776918,2.007,3.318601627,9.175,29.837,0.1748339308987941,0.6441131565800977,0.1505581529324036,0.030494759588704724
FIN,2003,1.7885118813693923,1.29,2.333474191,9.075,26.504,0.17322355554575092,0.641595198884318,0.15261188711584892,0.03256935845408219
FIN,2004,3.737578817772347,0.147,2.10632298,8.875,28.435,0.1714378208114996,0.6387383639483811,0.15520815401553278,0.0346156612245866
FIN,2005,2.4464979469080994,0.774,2.184689332,8.475,27.439,0.16950259260148812,0.6365849790376895,0.15728147215388552,0.03663095620693691
FIN,2006,3.644055758403675,1.275,3.079211845,7.775,27.895,0.16757510306439322,0.6343121044561816,0.16024304976988826,0.03786974270953705
FIN,2007,4.886592906944398,1.583,4.277596427,6.95,29.547,0.1656911798907484,0.6324625097613596,0.1627642279497269,0.03908208239816515
FIN,2008,0.336575596562505,3.916,4.634232681,6.425,27.757,0.16397197112119094,0.6315779399805435,0.1641826281101454,0.04026746078812025
FIN,2009,-8.521670630707446,1.634,1.22834975,8.325,23.433,0.16259534227975597,0.6292917031952442,0.16667737744964672,0.04143557707535311
FIN,2010,2.683591704365651,1.686,0.810953933,8.5,23.934,0.16152039662520656,0.6254152138667798,0.1704639665075031,0.0426004230005106
FIN,2011,1.935131261746448,3.324,1.390599744,7.9,22.751,0.16053062585730668,0.6179186862651467,0.17594099818475084,0.04560968969279585
FIN,2012,-1.9971686581255697,3.162,0.573181087,7.8,21.363,0.15980697349441164,0.6095236371303394,0.18208564636884403,0.04858374300640482
FIN,2013,-1.4433425029775404,2.216,0.220661223,8.325,20.741,0.15932398525993402,0.6009605716289215,0.18817963347663647,0.051535809634508066
FIN,2014,-0.927109623688982,1.209,0.209945672,8.825,20.786,0.15884089961997067,0.5927066999848398,0.19396719033909687,0.05448521005609259
FIN,2015,0.0904185022801096,-0.156,-0.019375701,9.575,20.97,0.15810942808639314,0.5851765168551116,0.19925561856062834,0.05745843649786691
FIN,2016,2.281170036508806,0.389,-0.263695659,8.975,21.583,0.15726699577415504,0.5790478119337948,0.2038003671752129,0.05988482511683716
FIN,2017,3.003237134535808,0.839,-0.329056116,8.825,23.624,0.15622248291517168,0.5732315904666259,0.20821663874565294,0.062329287872549474
FIN,2018,1.0124959584544513,1.169,-0.322092958,7.417,24.081,0.15476495296684314,0.567698873940044,0.21270827567633085,0.06482789741678197
FIN,2019,1.2617769867914852,1.137,-0.35631935,6.725,24.402,0.15267364982788997,0.5630290456356389,0.21696137046184014,0.06733593407463093
FIN,2020,-2.6211534196897923,0.383,-0.425159625,7.767,25.376,0.150357656197216,0.5587769991818594,0.2210499579355658,0.06981538668535875
FIN,2021,2.5186146713843005,2.066,-0.548756293,7.617,25.094,0.14831066173982485,0.5571177073040882,0.22490067360575344,0.06967095735033364
FIN,2022,0.5006474724136067,7.172,0.341555419,6.783,24.846,0.14600832169362787,0.5562155129397792,0.22845828532459825,0.06931788004199452
FIN,2023,-1.2269212639987814,4.34,3.430800561,7.208,22.437,0.14318424197877397,0.5559213312967407,0.23197116039095655,0.06892326633352887
FIN,2024,-0.8447787099881476,0.975,3.57091273,8.4,21.994,0.14318424197877397,0.5559213312967407,0.23197116039095655,0.06892326633352887
FRA,1990,2.234489161839304,0.323,10.3214,8.4,23.634,0.1957157540233842,0.5787303469523118,0.12207535330809328,0.10347854571621068
FRA,1991,0.8220504208151347,3.403,9.615025,8.617,23.091,0.19517737292494103,0.5770262450484809,0.12416009759817108,0.10363628442840703
FRA,1992,0.9042350714503432,2.456,10.34461667,9.442,22.081,0.19444999528276233,0.5756023808237253,0.12615871080935462,0.10378891308415777
FRA,1993,-0.9004913434937811,2.235,8.586858333,10.267,19.993,0.1932204080683942,0.5746354069940665,0.12813776839993635,0.10400641653760305
FRA,1994,2.024656346438647,1.664,5.846675,10.667,20.616,0.19170212055574304,0.5737678103103909,0.13022210835605977,0.10430796077780627
FRA,1995,2.093526745336849,1.769,6.578183333,10.508,20.647,0.18984421332184315,0.5731002313144941,0.13243684897098673,0.10461870639267602
FRA,1996,0.9943322329459604,2.079,3.935625,10.833,20.433,0.18786503399418794,0.5726531918975231,0.13454736704117917,0.10493440706710974
FRA,1997,2.165158788806232,1.27,3.462833333,10.892,22.052,0.18604689607035574,0.5722294466016467,0.136474826297887,0.10524883103011064
FRA,1998,3.1064842821587613,0.673,3.557108333,10.692,23.253,0.18483005169753677,0.5714737278818274,0.13817473458465038,0.10552148583598557
FRA,1999,2.877167700832617,0.577,2.963488346,10.442,24.626,0.18436469405277656,0.5704315298452834,0.13958210493124984,0.1056216711706901
FRA,2000,3.698715321534229,1.815,4.39176543,9.175,22.961,0.18414082280820498,0.5695495758070194,0.1407560420337892,0.10555355935098641
FRA,2001,1.1223026972631225,1.784,4.261780438,8.458,23.098,0.183390577042007,0.5685967348955229,0.14166963086757478,0.10634305719489537
FRA,2002,0.3891682362517912,1.937,3.318601627,8.275,21.855,0.18234171397972607,0.5680972684184101,0.14244075247722224,0.10712026512464154
FRA,2003,0.2769858156679294,2.172,2.333474191,8.525,21.491,0.1811265202848439,0.5680378971575033,0.14293426946789128,0.10790131308976157
FRA,2004,1.8153901133327155,2.335,2.10632298,8.867,21.9,0.17989715987495042,0.5678883631470124,0.14357864826911648,0.1086358287089207
FRA,2005,1.2087679747302849,1.888,2.184689332,8.875,22.015,0.17887122557599647,0.5676693279445275,0.1441272517310823,0.1093321947483938
FRA,2006,2.186648233694544,1.892,3.079211845,8.842,22.939,0.17839002237515936,0.567402833246743,0.14377853608399863,0.11042860829409908
FRA,2007,1.817716970365657,1.605,4.277596427,8.017,23.467,0.17818335272789834,0.5666460459761953,0.14358510965749713,0.11158549163840932
FRA,2008,-0.3013849826447146,3.161,4.634232681,7.433,22.77,0.17831763013141563,0.56484469543657,0.14404681476752462,0.1127908596644897
FRA,2009,-3.250777356575718,0.102,1.22834975,9.125,20.167,0.17876375197893757,0.5624626656702341,0.14475184102775654,0.11402174132307179
FRA,2010,1.3567924923892916,1.738,0.810953933,9.267,20.709,0.1789549667884722,0.5602152880451311,0.14556184830297855,0.11526789686341814
FRA,2011,1.978983406168866,2.287,1.390599744,9.208,21.642,0.17895621029960299,0.5569755845475782,0.14758905156366306,0.11647915358915573
FRA,2012,-0.2515977484656151,2.217,0.573181087,9.767,19.698,0.1787529378142847,0.552413207587684,0.15117061147835334,0.11766324311967791
FRA,2013,0.4171878581626487,0.989,0.220661223,10.308,20.911,0.17773179593492142,0.5484917763995235,0.15494949084557008,0.11882693681998503
FRA,2014,0.1550110698986806,0.611,0.209945672,10.267,20.923,0.17663280325765776,0.5444989509408684,0.15884400032971369,0.12002424547176012
FRA,2015,0.5427646625063787,0.089,-0.019375701,10.342,21.392,0.17549658840880977,0.5403745060411297,0.16276749661287104,0.12136140893718954
FRA,2016,0.4555779775205382,0.307,-0.263695659,10.067,21.07,0.17366234262154512,0.5369173780411007,0.1663901292635039,0.12303015007385017
FRA,2017,2.0224914597818167,1.166,-0.329056116,9.408,21.635,0.17192943420683554,0.5338733964561662,0.16955933340416146,0.12463783593283678
FRA,2018,1.256908490123121,2.099,-0.322092958,9.025,21.914,0.17022404269687932,0.5310388866039472,0.17257225811672908,0.12616481258244439
FRA,2019,1.6720959652292366,1.298,-0.35631935,8.425,23.623,0.16829170463733772,0.5283789677928127,0.17560017038935305,0.1277291571804965
FRA,2020,-7.844498945445332,0.527,-0.425159625,8.025,20.751,0.16638507439711483,0.5259803435316693,0.17828415182683965,0.1293504302443761
FRA,2021,6.4246680382257,2.066,-0.548756293,7.867,23.724,0.16446715424894526,0.525135329637078,0.1813960275059386,0.12900148860803817
FRA,2022,2.076327401862721,5.904,0.341555419,7.308,23.03,0.16235260616745448,0.5242761038250311,0.1847471299364398,0.1286241600710746
FRA,2023,0.8401873579870323,5.663,3.430800561,7.342,22.127,0.1599055744847493,0.5232471761766035,0.18853558240391438,0.12831166693473284
FRA,2024,0.7857292251630454,2.317,3.57091273,7.383,24.114,0.1599055744847493,0.5232471761766035,0.18853558240391438,0.12831166693473284
GBR,1990,0.2777440662837804,6.999,14.80897333,7.1,20.363,0.18644070263591137,0.5995024967114863,0.15042734205433694,0.06362945859826535
GBR,1991,-1.7497613464731,7.519,11.57341833,8.85,19.304,0.18782443467480742,0.5964035199465585,0.15059482557194834,0.06517721980668571
GBR,1992,-0.00875886362528,4.232,9.680578333,9.95,17.953,0.18931271161313948,0.5933310540830371,0.15061442173607473,0.0667418125677487
GBR,1993,2.030892796613704,2.533,5.995640833,10.375,17.708,0.19036382289518938,0.5909431643957573,0.1503691387349314,0.06832387397412183
GBR,1994,3.1449536871529737,1.994,5.564840833,9.5,18.599,0.19063400860811083,0.5894086986885879,0.15005957343424636,0.06989771926905484
GBR,1995,2.098781705974728,2.63,6.7525875,8.625,18.237,0.1900650239664046,0.588663943885676,0.1498185497150704,0.07145248243284892
GBR,1996,2.336844020124418,2.425,6.110595833,8.1,18.544,0.18906239801957386,0.588167684744899,0.14952167519046136,0.07324824204506578
GBR,1997,4.6547525061275685,1.825,6.9117225,6.95,17.471,0.18813552887124965,0.5877603074466207,0.14907490431217196,0.07502925936995766
GBR,1998,3.1179592384752874,1.557,7.424255833,6.25,17.795,0.18712208155859456,0.5876479108678239,0.1484696402471569,0.07676036732642474
GBR,1999,2.691285574670688,1.329,5.545774167,5.975,15.789,0.18575193686014962,0.5880261594006131,0.14778383537883952,0.07843806836039782
GBR,2000,3.983703229002411,0.796,6.187456667,5.45,16.491,0.1833779402654417,0.5891641611072954,0.14736344872164747,0.08009444990561547
GBR,2001,2.178890196374073,1.234,5.04343,5.1,16.341,0.1808327372327224,0.5878886349686758,0.14746140245030662,0.08381722534829507
GBR,2002,1.3618394321364136,1.259,4.060289167,5.2,16.149,0.17894630775893822,0.5859809623198816,0.1475938140060449,0.08747891591513532
GBR,2003,2.683606941617467,1.362,3.735160833,5.0,15.893,0.17821627694305212,0.5830800554025187,0.14763505283357836,0.09106861482085078
GBR,2004,1.922968160175742,1.344,4.637820833,4.75,15.39,0.17744084685969663,0.580312254450796,0.14773200889407168,0.09451488979543565
GBR,2005,1.9453283814582445,2.057,4.7601675,4.825,15.882,0.17579951669503263,0.5787541751031271,0.1476486740699585,0.09779763413188187
GBR,2006,1.6838724855082754,2.329,4.849209167,5.425,15.09,0.1736286234802883,0.5782492711903797,0.1471434471989687,0.10097865813036325
GBR,2007,1.8014565548834849,2.323,6.0022075,5.35,14.848,0.17181678203558545,0.5770329442650382,0.14708802816738328,0.10406224553199306
GBR,2008,-1.063601582543383,3.602,5.511411667,5.725,13.744,0.17054478256282174,0.5746239795210195,0.14774516285017147,0.10708607506598726
GBR,2009,-5.290006321217788,2.165,1.213653333,7.625,11.746,0.16963198329740772,0.571326820878026,0.14895676271477953,0.1100844331097868
GBR,2010,1.42046586561142,3.298,0.699774167,7.9,13.388,0.16880330393937398,0.5678746185531416,0.15032316595103393,0.11299891155645046
GBR,2011,0.2993401611133039,4.464,0.87458,8.1,14.259,0.1685010957964564,0.5627219912590578,0.15261861669031063,0.11615829625417531
GBR,2012,0.8397605739750347,2.828,0.827250833,7.95,12.894,0.16853855264760037,0.55582289214697,0.15627428022589698,0.11936427497953267
GBR,2013,1.1631350988543954,2.565,0.512660833,7.575,11.511,0.1687401750114475,0.5490771678090806,0.15961489492647454,0.12256776225299734
GBR,2014,2.41025826607999,1.461,0.542949167,6.175,12.368,0.1689054112108321,0.543473488114517,0.16198455624996835,0.12563654442468256
GBR,2015,1.4174767428563273,0.04,0.574149167,5.375,12.876,0.16921261794701944,0.5385421486091532,0.16366272058212866,0.12858251286169872
GBR,2016,1.086439225182234,0.66,0.498991667,4.875,12.412,0.16980895707272955,0.5348285346149759,0.16488631980176213,0.13047618851053241
GBR,2017,2.047155463400085,2.683,0.358951667,4.425,14.949,0.17040720285449945,0.5309395835587326,0.16621251641053697,0.13244069717623097
GBR,2018,0.8007517420673071,2.478,0.722835833,4.075,14.123,0.1706049431125962,0.5271105198721096,0.167779402935996,0.13450513407929818
GBR,2019,1.0752524155386525,1.791,0.80785,3.825,15.562,0.17019039722246257,0.5236449001368748,0.16953919358445155,0.13662550905621107
GBR,2020,-10.676691631890789,0.851,0.295,4.625,14.638,0.16949731968432677,0.520805798366835,0.17073135387653687,0.1389655280723013
GBR,2021,8.255315056501322,2.588,0.09,4.55,17.244,0.168229595409358,0.5215240579438746,0.17193167124957695,0.13831467539719047
GBR,2022,4.342312808039317,9.067,2.000833333,3.8,16.643,0.16625001170626302,0.5223084485205781,0.17416255814419254,0.13727898162896635
GBR,2023,-0.92200305593354,7.303,4.950833333,4.05,14.286,0.16412249981208948,0.5222534482259702,0.17735172678377115,0.13627232517816917
GBR,2024,0.0400528099715913,2.53,5.001666667,4.275,14.312,0.16412249981208948,0.5222534482259702,0.17735172678377115,0.13627232517816917
GRC,1990,-0.6199661239956522,20.434,23.3,7.0,22.031,0.18131309227179407,0.6265928396653425,0.13183771641958508,0.06025635164327839
GRC,1991,1.5781383327515996,19.456,28.6,7.7,25.04,0.17622984746538253,0.6230282233479685,0.1361155386758289,0.06462639051082002
GRC,1992,-0.2205049691006877,15.877,28.7,8.7,21.764,0.1718576960412097,0.6192785264367316,0.13994189805697346,0.0689218794650853
GRC,1993,-2.2008988293855336,14.411,19.9,9.7,21.721,0.16746712600095431,0.6157111706460268,0.1436454950111404,0.07317620834187855
GRC,1994,1.4269651487986534,10.873,17.5,9.6,21.021,0.16287148240496044,0.6122749870667739,0.14747079412659317,0.07738273640167244
GRC,1995,1.653111205716007,8.788,16.40414607,10.0,18.274,0.15815200241044156,0.6092249868562204,0.15107239980247614,0.08155061093086194
GRC,1996,0.8811634712707406,7.873,13.78157091,10.3,18.119,0.1547191979625509,0.6060133887349953,0.15330656910827545,0.08596084419417828
GRC,1997,3.203853553760428,5.441,12.88378603,10.3,17.234,0.1517992624025343,0.602645230681607,0.15523855653070298,0.09031695038515579
GRC,1998,2.8180190265351346,4.517,13.91549525,11.2,20.96,0.14943665390244062,0.5989367245788897,0.1570036426707398,0.09462297884792983
GRC,1999,2.138067235096064,2.141,10.31317284,12.125,19.452,0.1477988922488037,0.5946338492147218,0.15867586264496653,0.09889139589150789
GRC,2000,3.868574947086434,2.897,7.884647718,11.35,19.889,0.14703803847575292,0.5896804909004154,0.16018375842268615,0.10309771220114565
GRC,2001,4.067488200766589,3.642,4.261780438,10.775,17.889,0.14666606290682602,0.5865464631239767,0.16280735783427042,0.10398011613492687
GRC,2002,4.180424920454984,3.921,3.318601627,10.35,17.181,0.14596790873848073,0.5833223931548902,0.1657278957470858,0.10498180235954328
GRC,2003,5.53033857929226,3.45,2.333474191,9.775,19.592,0.14437889700856466,0.5805526799494178,0.1689097676771775,0.10615865536484002
GRC,2004,5.140949637512349,3.02,2.10632298,10.6,19.436,0.14260347843506277,0.5782582393910205,0.17181578526815428,0.10732249690576243
GRC,2005,0.9109693993897716,3.486,2.184689332,10.0,14.579,0.1410716193985002,0.5762631651247091,0.1742351236304771,0.10843009184631357
GRC,2006,6.106782518236908,3.314,3.079211845,9.0,15.181,0.13973466207901913,0.5738032871604738,0.1760059897766937,0.11045606098381339
GRC,2007,3.213364269979402,2.989,4.277596427,8.4,12.311,0.13874439246310102,0.5714524151467855,0.1772816054411582,0.11252158694895538
GRC,2008,-0.1680065002836239,4.23,4.634232681,7.75,10.09,0.13851265953059672,0.5684582434463448,0.17846857849400083,0.11456051852905766
GRC,2009,-4.411480280705149,1.347,1.22834975,9.6,7.846,0.1388598684433811,0.564247629358442,0.1803051277409242,0.11658737445725263
GRC,2010,-5.901895270380619,4.704,0.810953933,12.725,8.025,0.13919671325082006,0.5588817915497717,0.18316300618355422,0.11875848901585395
GRC,2011,-9.910015637289504,3.118,1.390599744,17.85,3.902,0.1399303176788835,0.5563757469443151,0.18617459144149429,0.11751934393530704
GRC,2012,-8.025324107104082,1.035,0.573181087,24.425,9.665,0.1407296916108568,0.5530540519930786,0.18946894759124658,0.11674730880481812
GRC,2013,-1.5368067678377284,-0.854,0.220661223,27.475,9.51,0.14119090784301183,0.5496822920325665,0.19294633103930642,0.11618046908511533
GRC,2014,1.5007533551692598,-1.394,0.209945672,26.5,9.614,0.14103731913030063,0.5469721682855027,0.19645303319287377,0.11553747939132299
GRC,2015,0.4037844554966474,-1.094,-0.019375701,24.9,10.509,0.14059331003121042,0.5448204528226736,0.19972298983379622,0.11486324731231984
GRC,2016,0.6567117041663462,0.013,-0.263695659,23.55,10.092,0.13963735710181166,0.5408292271062216,0.20237598167101972,0.11715743412094694
GRC,2017,1.6196732942453718,1.138,-0.329056116,21.45,9.319,0.13898276320057962,0.5373751799815383,0.20443130623064507,0.11921075058723721
GRC,2018,2.3214958481965864,0.774,-0.322092958,19.3,9.371,0.13798581630605272,0.5344214553124365,0.20631212262111553,0.12128060576039525
GRC,2019,2.4351591569076847,0.517,-0.35631935,17.325,9.86,0.1367791456989784,0.5318734751646803,0.2081080923486521,0.12323928678768926
GRC,2020,-9.14511019226102,-1.262,-0.425159625,16.325,6.293,0.1350418889188699,0.5294274830599822,0.21024697811618612,0.12528364990496169
GRC,2021,9.060809964853323,0.574,-0.548756293,14.775,10.475,0.13349051061759556,0.5252598855472358,0.21454718206171314,0.12670242177345545
GRC,2022,7.9561322391695555,9.3,0.341555419,12.425,9.277,0.1316378999047297,0.5214093088294047,0.2182172738867206,0.12873551737914501
GRC,2023,2.7821637574661606,4.155,3.430800561,11.075,9.956,0.12891026020587804,0.5196903301440211,0.2205326738982389,0.1308667357518619
GRC,2024,2.402160277349364,2.997,3.57091273,10.1,11.187,0.12891026020587804,0.5196903301440211,0.2205326738982389,0.1308667357518619
IRL,1990,7.82425430792606,3.357,11.30666667,17.2,19.34,0.25963170934241087,0.5666971540840143,0.10879924348708517,0.0648718930864896
IRL,1991,1.0678133952006783,3.132,10.4275,19.0,18.802,0.25468380934056917,0.5718755835733648,0.10900075263280008,0.06443985445326603
IRL,1992,2.7402550689267224,3.15,14.31833333,16.3,16.725,0.24985509022119642,0.5771991284898554,0.10900354398762824,0.06394223730131988
IRL,1993,1.7529682600328833,1.418,9.119166667,16.7,18.867,0.24463801850160594,0.5828706347266676,0.10892539460342797,0.06356595216829851
IRL,1994,5.545344782627537,2.366,5.93,15.1,19.097,0.238701627630996,0.5890839299066768,0.10895653156067153,0.06325791090165568
IRL,1995,9.124461491374426,2.518,6.2475,14.1,20.894,0.23219616600340603,0.595994346797862,0.10897065026503193,0.06283883693370006
IRL,1996,8.345668459682631,2.18,5.418333333,11.8,22.771,0.2247810023281514,0.5974708871133754,0.10859231075146442,0.06915579980700885
IRL,1997,9.592723148626092,1.253,6.091666667,9.858,24.407,0.218145586169947,0.59838517765129,0.10821488212063719,0.07525435405812582
IRL,1998,7.625809287730978,2.13,5.425833333,7.55,24.459,0.2124230630301448,0.598719777444451,0.10772484026522246,0.08113231926018172
IRL,1999,9.272354230504254,2.412,2.963488346,5.917,24.521,0.20768565956667281,0.5985360267790231,0.10696098722667245,0.0868173264276317
IRL,2000,7.824748921622193,5.303,4.39176543,4.383,25.122,0.20337033886159023,0.5982569751892463,0.10618487160707783,0.09218781434208573
IRL,2001,3.674732935571834,3.998,4.261780438,4.183,24.435,0.1989057155600817,0.592638405417992,0.10536171417876505,0.10309416484316128
IRL,2002,4.087634607675628,4.686,3.318601627,4.733,24.329,0.19511623307249207,0.5867136929312706,0.10465191934819978,0.11351815464803743
IRL,2003,1.3453250762874625,4.0,2.333474191,4.85,26.236,0.19260055573156087,0.5796140433039857,0.10415493866040895,0.12363046230404451
IRL,2004,4.743214150810537,2.31,2.10632298,4.75,27.12,0.19029936686936472,0.5727505306420988,0.10381222432649556,0.13313787816204098
IRL,2005,3.218782675622589,2.201,2.184689332,4.633,26.769,0.18764313101102115,0.5676939289829528,0.10290463900903045,0.14175830099699563
IRL,2006,2.0509750922877767,2.674,3.079211845,4.767,26.54,0.18551611087717737,0.5681668815017883,0.10169827310043683,0.1446187345205975
IRL,2007,2.371885647650096,2.889,4.277596427,5.008,22.738,0.18476945442064244,0.567287840049637,0.10098868490886449,0.14695402062085625
IRL,2008,-5.984874937079276,3.119,4.634232681,6.8,18.412,0.18626027488411445,0.5616591129802846,0.10184796052696841,0.15023265160863258
IRL,2009,-5.746566901084982,-1.676,1.22834975,12.65,15.637,0.18904640130293848,0.5518649895274377,0.10419641391942039,0.15489219525020337
IRL,2010,1.2161539650144435,-1.636,0.810953933,14.608,15.984,0.192157957307176,0.5403131772199654,0.10728995762302924,0.16023890784982936
IRL,2011,1.2797688813426022,1.213,1.390599744,15.4,15.398,0.19339468873117263,0.5365863303638253,0.10924415383212842,0.16077482707287366
IRL,2012,-0.8362809210435085,1.892,0.573181087,15.492,16.503,0.1932911055595796,0.5339290698614736,0.11147410552566754,0.16130571905327937
IRL,2013,1.6253540392253465,0.538,0.220661223,13.775,20.732,0.19201904821007867,0.5325620017702821,0.11372790350221577,0.1616910465174234
IRL,2014,8.472314254752632,0.301,0.209945672,11.892,23.973,0.1900234820522822,0.5323733209452456,0.1158439397209911,0.161759257281481
IRL,2015,23.38431986345764,-0.05,-0.019375701,9.925,32.191,0.1875907365613132,0.5332669712856196,0.11768389790338601,0.1614583942496811
IRL,2016,-0.1905000720111127,-0.183,-0.263695659,8.375,34.352,0.1860357298606943,0.5294221756039703,0.12010420525662863,0.16443788927870667
IRL,2017,8.525026653743573,0.259,-0.329056116,6.758,35.16,0.18405963668703598,0.5262549294367737,0.12253107705913223,0.167154356817058
IRL,2018,5.963100905901553,0.7,-0.322092958,5.808,32.488,0.18176328622629337,0.5236231172738823,0.12499910981003708,0.16961448668978735
IRL,2019,3.454188001851999,0.885,-0.35631935,4.992,32.989,0.17903358899408148,0.5213482906931421,0.1275582138489763,0.17205990646380018
IRL,2020,5.92142466878991,-0.459,-0.425159625,5.842,35.392,0.1759935286882478,0.5187755645564224,0.13037142306943164,0.17485948368589813
IRL,2021,14.675127449745595,2.413,-0.548756293,6.258,35.276,0.1732697441773772,0.520039423871349,0.1334246674232322,0.17326616452804164
IRL,2022,6.152407346090016,8.074,0.341555419,4.467,31.68,0.17016259539721554,0.5225881408774592,0.13674958520184527,0.17049967852348002
IRL,2023,-7.099330568127038,5.201,3.430800561,4.308,34.424,0.1661817370103317,0.5253652848095786,0.140795092203986,0.16765788597610373
IRL,2024,-0.4751692337234936,1.323,3.57091273,4.3,34.571,0.1661817370103317,0.5253652848095786,0.140795092203986,0.16765788597610373
ISL,1990,0.425546243289987,15.513,14.83333333,2.594,16.533,0.2404471939521295,0.617528700112034,0.10441523583045399,0.03760887010538253
ISL,1991,-1.0353027139110793,6.809,14.64166667,2.925,15.693,0.23926853676322285,0.6160081765007059,0.10510216747087024,0.039621119265200996
ISL,1992,-4.810272285545336,3.959,10.4975,4.665,15.413,0.23913897772756001,0.6135764214719344,0.1057441063255262,0.041540494474979414
ISL,1993,0.2867456826207926,4.083,8.783333333,5.764,17.306,0.2395921957581686,0.6102614557504341,0.10663459132373347,0.04351175716766381
ISL,1994,2.561939113734879,1.55,4.891666667,5.776,17.641,0.2382329118015737,0.6084949079790343,0.10776554339634699,0.045506636823044976
ISL,1995,-0.601041680378489,1.655,7.004166667,5.25,18.373,0.23537250943889948,0.6075735486523867,0.10943703039138723,0.04761691151732646
ISL,1996,4.184688929176672,2.252,6.991666667,4.153,18.306,0.23251375669244495,0.6068828078524688,0.11089790303390838,0.04970553242117787
ISL,1997,5.020637171179798,1.796,7.066666667,4.204,19.421,0.22977271931102258,0.6067489107968929,0.11185447545859001,0.051623894433494535
ISL,1998,6.375238539975014,1.703,7.457833333,3.314,18.664,0.22710174509278158,0.6072806139107626,0.112243740229797,0.05337390076665883
ISL,1999,2.778060317749076,3.22,9.334,2.489,16.454,0.2252245465817018,0.6076068308295608,0.1121629999134973,0.05500562267524005
ISL,2000,3.729604968112188,5.12,11.21225,2.633,14.735,0.2241574232081911,0.6073005546075085,0.11204315984072813,0.056498862343572244
ISL,2001,2.4306908166880525,6.396,11.9875,2.791,18.646,0.2222653721682848,0.6029591040246972,0.11228878890730655,0.06248673489971145
ISL,2002,-0.568284818507836,5.177,8.974333333,3.515,21.019,0.21982462179293272,0.5986345951245972,0.1129332735295038,0.06860750955296638
ISL,2003,1.4713276976912493,2.062,5.349916667,3.525,16.404,0.21650316810828543,0.5952694186909756,0.11346351064380794,0.074763902556931
ISL,2004,7.023631289308874,3.152,6.288416667,3.417,14.797,0.21265707973309922,0.5929215504067002,0.11374189893845502,0.0806794709217455
ISL,2005,5.0375578884847005,4.0,9.35875,2.883,13.163,0.20771338911076712,0.5930341655029991,0.11337294014004437,0.08587950524618937
ISL,2006,4.078515923748327,6.674,12.35416667,3.2,13.361,0.2018464890053114,0.5955846831252428,0.11236104438023654,0.09020778348920935
ISL,2007,5.711976010357933,5.066,14.29066667,2.492,15.999,0.19692989422445978,0.5972857415598563,0.11166739665105622,0.09411696756462767
ISL,2008,-0.3134687566412553,12.68,15.82383333,3.325,5.23,0.19418231293374003,0.5953794236168743,0.11201315215525594,0.09842511129412988
ISL,2009,-8.793939588909595,12.006,11.28166667,8.008,6.41,0.19344563293284622,0.5882399281885178,0.11420285488305527,0.10411158399558082
ISL,2010,-2.301173482362984,5.394,6.789166667,8.317,7.814,0.19285543660696886,0.5793835138516084,0.11746679322852166,0.11029425631290114
ISL,2011,3.736513149058052,3.99,4.256666667,7.95,10.856,0.1920441691185917,0.5751034822035678,0.1204015830192049,0.11245076565863564
ISL,2012,0.6308658564734726,5.195,5.513333333,6.85,12.436,0.19094160494077275,0.5713200172671468,0.12340306164589569,0.11433531614618479
ISL,2013,3.682447059929883,3.885,6.188333333,6.092,21.722,0.19005543625756632,0.5680291337525144,0.12619675780484152,0.11571867218507775
ISL,2014,0.4442089302303165,2.035,6.0525,5.508,21.627,0.18887095912369756,0.5653240716003206,0.12893675813900232,0.1168682111369795
ISL,2015,3.3678889732803974,1.631,5.891666667,4.592,25.03,0.18661193558572778,0.5633937298969789,0.1319347396824006,0.11805959483489273
ISL,2016,5.321598143740469,1.693,6.279166667,3.442,29.181,0.18291939023790613,0.5509240151561431,0.13401743582255451,0.1321391587833962
ISL,2017,2.1671203470119416,1.768,5.063333333,3.3,25.962,0.1791169077653723,0.541705782439165,0.13475736577286215,0.14441994402260053
ISL,2018,1.9232105423085728,2.677,4.7225,3.133,26.368,0.17498512132496727,0.5339758086914135,0.1354982514014295,0.15554081858218982
ISL,2019,-0.2621871781593232,3.006,4.393333333,3.9,27.221,0.17149483157032377,0.5247068543205632,0.1370290227738048,0.16676929133530818
ISL,2020,-8.142729853019004,2.848,2.006666667,6.267,22.422,0.16954207968053595,0.5125977185813962,0.1394054782414201,0.1784547234966477
ISL,2021,3.7858203450025663,4.458,1.789166667,5.842,20.179,0.16879000975463143,0.5130936136012033,0.142549111952845,0.17556726469132025
ISL,2022,7.002222551968695,8.307,5.126666667,3.592,22.146,0.1666887950877534,0.5162065488733566,0.14509715253230202,0.17200750350658792
ISL,2023,2.7461093028253725,8.74,9.035,3.375,26.347,0.16378343858653227,0.5198235100597975,0.14758197170742407,0.16881107964624603
ISL,2024,-1.7117793975240714,5.859,9.485,3.367,24.037,0.16378343858653227,0.5198235100597975,0.14758197170742407,0.16881107964624603
ISR,1990,3.383721939269968,17.173,,9.567,17.67,0.28869181269346816,0.34006300111397164,0.012014304073554265,0.35923088211900595
ISR,1991,-1.489458425418655,19.006,,10.585,20.697,0.28307669037118954,0.3564623826554986,0.012210156741071121,0.3482507702322407
ISR,1992,3.449783664975148,11.948,11.87024122,11.155,21.439,0.27857974541468455,0.3680049454958588,0.01118917429423401,0.34222613479522257
ISR,1993,1.098608229298592,10.944,11.0924571,10.015,19.573,0.27526111153165184,0.3754990174094016,0.009409492051289357,0.3398303790076572
ISR,1994,4.320603921583621,12.342,12.80344853,7.828,18.334,0.2724509433598772,0.382537119494807,0.007578508211945117,0.33743342893337064
ISR,1995,6.743287692608724,10.043,14.70411217,6.863,24.188,0.26922052309370476,0.3893496386424847,0.006738424294669105,0.33469141396914154
ISR,1996,3.2974434026946886,11.277,15.666791,8.325,24.567,0.26726990373669557,0.39508939956285527,0.00961216564659861,0.32802853105385044
ISR,1997,1.1785611447962197,9.001,13.76988026,9.525,24.937,0.2656912908288058,0.40135328726445696,0.011368016813327542,0.32158740509340966
ISR,1998,1.529642686455812,5.435,11.94114708,10.675,25.331,0.26423381818056213,0.407226595557275,0.012889291105223726,0.3156502951569392
ISR,1999,0.8011338770498089,5.194,12.03709423,11.075,25.362,0.26272960818475294,0.41366686845225187,0.01424272678447593,0.3093607965785193
ISR,2000,5.698390166291545,1.125,9.045343111,10.9,24.247,0.2612771603176173,0.4199396173298804,0.0158456850592368,0.3029375372932655
ISR,2001,-2.067697528885992,1.116,6.531512358,11.625,24.084,0.26075166030828845,0.4253050408132164,0.016985927435574092,0.2969573714429211
ISR,2002,-2.071432127049333,5.687,7.167583007,12.875,23.324,0.26069286542716846,0.42879908862623034,0.018293179592497762,0.2922148663541034
ISR,2003,-0.36688997842661,0.67,6.611959484,13.4,23.478,0.261283350915449,0.43100842403757145,0.019490897795110408,0.28821732725186916
ISR,2004,2.8459078938477766,-0.414,4.26229058,12.9,24.259,0.2620929503955919,0.43313706734793767,0.020289361251835277,0.28448062100463517
ISR,2005,2.4118521234655743,1.329,3.881250251,11.2,26.593,0.2627399488065615,0.4356219919544675,0.02080495157252914,0.2808331076664418
ISR,2006,3.739014867834856,2.107,5.462432268,10.45,27.607,0.26363852942523713,0.43784288543967104,0.020489414755031424,0.27802917038006036
ISR,2007,4.224567925710998,0.516,4.255371621,9.15,27.483,0.26475335208629713,0.4401928630059369,0.019837959455393267,0.2752158254523727
ISR,2008,1.3677694188136913,4.594,3.561983221,7.65,24.228,0.26603553021088727,0.4424329949628108,0.019101912914859683,0.27242956191144224
ISR,2009,-1.136975579909183,3.317,0.639403098,9.425,24.325,0.2676969055088914,0.44377829548759823,0.018912431918753244,0.26961236708475717
ISR,2010,3.612630155233365,2.694,1.641669621,8.25,24.919,0.2698294950001602,0.44399940845621383,0.01954159445584446,0.2666295020877816
ISR,2011,3.5852818733200564,3.45,2.797905532,7.05,24.988,0.2713147095996566,0.44531501544801927,0.02004655989190237,0.2633237150604218
ISR,2012,0.6683592796020932,1.708,2.251856065,6.875,24.293,0.2725983747822377,0.44580400288888467,0.02154742766303521,0.2600501946658424
ISR,2013,2.1616599568722084,1.526,1.319207273,6.217,25.31,0.27364623668554605,0.4466865022345661,0.02293543779443489,0.256731823285453
ISR,2014,1.8051329514725545,0.476,0.546534655,5.9,27.09,0.2744691743722663,0.44819384238346377,0.024003533413640487,0.2533334498306294
ISR,2015,0.2279805309016946,-0.632,0.123024944,5.242,27.317,0.27519224886263144,0.4496303416337091,0.02536369313025226,0.24981371637340724
ISR,2016,2.4215226688302005,-0.545,0.106432033,4.825,26.824,0.27540378627030154,0.45272970888996356,0.028249542585568308,0.2436169622541666
ISR,2017,2.3546118231371205,0.242,0.115292949,4.225,26.813,0.27548878999865645,0.4557673461677762,0.030940157417129212,0.23780370641643817
ISR,2018,2.015668169929952,0.807,0.138578089,3.983,27.133,0.27513830826116337,0.4592075984365106,0.03336027985210221,0.23229381345022393
ISR,2019,1.7442834718739195,0.842,0.233698293,3.842,27.07,0.27445435007948044,0.46303593865832,0.03551446992506128,0.22699524133713828
ISR,2020,-3.758513626370808,-0.587,0.08395847,4.308,28.714,0.27365029630552157,0.4669145954672846,0.03744743406418088,0.22198767416301307
ISR,2021,7.601365574142238,1.492,-0.007977717,4.967,29.157,0.27284888740814034,0.46847901936329667,0.04022285998277187,0.21844923324579107
ISR,2022,4.218648623674048,4.395,1.032977935,3.767,30.611,0.271563714586301,0.4711196705404535,0.04271235311816757,0.214604261755078
ISR,2023,-1.215113882264085,4.208,4.371196135,3.45,29.859,0.26978163229985497,0.47399704677261384,0.04516808742659337,0.2110532335009378
ISR,2024,-0.4070425843508918,3.071,4.310664538,2.975,26.628,0.26978163229985497,0.47399704677261384,0.04516808742659337,0.2110532335009378
ITA,1990,1.9711953753471567,6.395,12.22985,8.858,19.929,0.16136501763890693,0.6671324359636038,0.14645989164558118,0.025042654751908085
ITA,1991,1.346000976089612,6.215,12.20833333,8.533,19.032,0.154299906841641,0.6693578012738536,0.150103909489472,0.02623838239503334
ITA,1992,0.7831000707316571,4.982,14.01333333,8.808,18.267,0.14884465405459726,0.6700232531333769,0.15370253853613397,0.027429554275891815
ITA,1993,-0.9371615743451688,4.499,10.19916667,9.833,19.52,0.14678322775941235,0.6676224238285711,0.1569737755907353,0.028620572821281283
ITA,1994,2.1130609884554064,4.167,8.5075,10.633,19.856,0.14410210229728115,0.6623029119156767,0.16389099935635829,0.029703986430683952
ITA,1995,2.883253584717682,5.387,10.45666667,11.15,22.088,0.14241194853048933,0.6594919074705117,0.16717540155130514,0.030920742447693834
ITA,1996,1.525044276741072,3.985,8.82,11.15,22.338,0.14158965299581452,0.6590906405165389,0.1670553027262832,0.032264403761363414
ITA,1997,1.8681504274344007,1.849,6.875833333,11.242,22.609,0.1404740394110088,0.6556682757008921,0.17039603291347927,0.033461651974619824
ITA,1998,1.7542522002645056,2.031,4.991666667,11.333,21.884,0.13979248292164764,0.652304196920977,0.17324479251748415,0.03465852763989118
ITA,1999,1.6694925218193155,1.651,2.963488346,10.942,21.505,0.13937450226170414,0.6486857970718211,0.17608518336794343,0.0358545172985314
ITA,2000,3.855774321132421,2.58,4.39176543,10.1,21.052,0.1390666237150517,0.6448070487396096,0.17908063819413672,0.03704568935120203
ITA,2001,1.939857051961336,2.324,4.261780438,9.1,21.459,0.13828285029041718,0.6365290135186322,0.1817665258975143,0.043421610293436386
ITA,2002,0.2126405458465763,2.612,3.318601627,8.608,21.556,0.13786258779564886,0.6280596358860759,0.18435820820662405,0.04971956811165117
ITA,2003,-0.2713571043692742,2.813,2.333474191,8.45,20.796,0.13720659853110773,0.6203568207032045,0.18664222686716814,0.05579435389851963
ITA,2004,0.7244243228440972,2.257,2.10632298,8.017,21.162,0.13613927044293261,0.6130175536227,0.18916612503408256,0.06167705090028467
ITA,2005,0.0118286649065879,2.207,2.184689332,7.758,20.646,0.1353697122095292,0.6050693994584011,0.19198039025939528,0.06758049807267444
ITA,2006,1.372244818827273,2.229,3.079211845,6.867,20.891,0.13453420101935115,0.5970093371507815,0.19490608649052915,0.07355037533933823
ITA,2007,1.077817232193934,2.025,4.277596427,6.2,21.258,0.13364948352798034,0.5903203232957844,0.19671818641987174,0.07931200675636353
ITA,2008,-1.846907917870633,3.492,4.634232681,6.792,19.316,0.1329967953894655,0.5846733749166662,0.19746567776693486,0.08486415192693345
ITA,2009,-5.972615111837265,0.765,1.22834975,7.875,17.881,0.1326393130222892,0.5783712911842521,0.19849007271391286,0.09049932307954572
ITA,2010,1.0703456620296592,1.62,0.810953933,8.508,17.574,0.13213250209057,0.5717944320155904,0.1998714750910147,0.09620159080282494
ITA,2011,0.2618016177311499,2.935,1.390599744,8.575,17.935,0.13246695040861922,0.5695672215884277,0.2020310353952386,0.0959347926077145
ITA,2012,-3.377768338508269,3.315,0.573181087,10.892,17.769,0.1327309551066085,0.5665504291442234,0.2049855583492335,0.09573305739993457
ITA,2013,-2.0984744006547484,1.245,0.220661223,12.367,18.036,0.1328032967921906,0.5634087824093199,0.20819048994376999,0.09559743085471951
ITA,2014,-0.1150663269654739,0.234,0.209945672,12.783,18.831,0.1324981846986899,0.5601451360792095,0.21171800392922205,0.09563867529287862
ITA,2015,0.9700415777582404,0.108,-0.019375701,12.017,18.524,0.1318794358414903,0.5574128164680148,0.21487121916128346,0.09583652852921147
ITA,2016,1.458067539860619,-0.05,-0.263695659,11.717,20.172,0.13043851942622378,0.5543995651649649,0.21724777350217186,0.09791414190663952
ITA,2017,1.7676512723849849,1.326,-0.329056116,11.3,20.609,0.1288914160047973,0.5518216512786039,0.21930408447261365,0.09998284824398507
ITA,2018,1.0436392109359316,1.243,-0.322092958,10.6,21.162,0.1272233435499982,0.5493357110696955,0.2213409884618885,0.1020999569184179
ITA,2019,0.6324807078060379,0.634,-0.35631935,9.908,21.521,0.12536318228184282,0.5464756889956145,0.22387624900765232,0.10428487971489037
ITA,2020,-8.600518173428373,-0.145,-0.425159625,9.358,21.66,0.12345460113853193,0.5437689585003157,0.22617148608170656,0.10660495427944584
ITA,2021,9.676277454468265,1.941,-0.548756293,9.508,24.101,0.12132688535870555,0.5427653071731068,0.2289754869256069,0.10693232054258081
ITA,2022,5.187008581029251,8.736,0.341555419,8.125,22.873,0.11906898583674871,0.5421674620813095,0.23163351411400113,0.10713003796794063
ITA,2023,0.7715787588913559,5.903,3.430800561,7.683,23.065,0.11660581988879795,0.5415346423436868,0.23451404670896725,0.10734549105854806
ITA,2024,0.770211362920814,1.089,3.57091273,6.558,23.483,0.11660581988879795,0.5415346423436868,0.23451404670896725,0.10734549105854806
JPN,1990,4.4925692634680825,3.071,7.718333333,2.1,32.882,0.17879564916025428,0.6913345243863898,0.12115573364809785,0.00871409280525815
JPN,1991,3.1140025060003795,3.273,7.384166667,2.092,32.953,0.17253578451355311,0.692358236018981,0.1259629575607636,0.009143021906702211
JPN,1992,0.5447778343831589,1.727,4.4625,2.15,32.385,0.16725732749202704,0.6922038635968462,0.13097052521930977,0.009568283691817114
JPN,1993,-0.7805530690218498,1.255,2.979166667,2.5,31.413,0.16254054250803257,0.6915320181379746,0.13593424951328484,0.009993189840707892
JPN,1994,0.8030994060685526,0.69,2.234166667,2.892,29.826,0.1584322563498189,0.6902240742156677,0.1409278908381618,0.010415778596351689
JPN,1995,2.3692238545583555,-0.088,1.2325,3.15,29.034,0.15490685265566698,0.6882220966667653,0.14603041958249233,0.010840631095075447
JPN,1996,2.9083508624875742,0.138,0.587916667,3.367,33.427,0.1518266580539732,0.6854465083957488,0.15139774302743883,0.011329090522839154
JPN,1997,0.7410184268133113,1.699,0.597666667,3.4,33.228,0.1491343812945771,0.6820644292729197,0.15698485693634742,0.011816332496155792
JPN,1998,-1.534229652533703,0.652,0.717083333,4.1,32.4,0.14662917336462256,0.6785807622097532,0.1624880108864553,0.012302053539169092
JPN,1999,-0.5215986795718108,-0.347,0.245575,4.667,30.665,0.14428130712961867,0.6749996246103084,0.16793035060671652,0.012788717653356388
JPN,2000,2.566698568906633,-0.687,0.247325,4.733,31.046,0.1422530978634919,0.670853682260029,0.1736170382372002,0.013276181639278945
JPN,2001,0.1484073838650346,-0.694,0.121125,5.042,29.725,0.1406394309709588,0.6661100779169297,0.17948761068547556,0.013762880426635994
JPN,2002,-0.1684863009677184,-0.897,0.060258333,5.358,28.508,0.13923512626992007,0.6614287845187385,0.18508740012656277,0.014248689084778695
JPN,2003,1.3489292393022767,-0.263,0.088333333,5.242,28.746,0.13796846739612323,0.6573121733673927,0.18998220754497733,0.014737151691506682
JPN,2004,2.106096034636096,-0.01,0.088333333,4.733,29.359,0.13692163848258665,0.6526513887088773,0.19519776643530712,0.015229206373229017
JPN,2005,1.7899088342675509,-0.288,0.09,4.425,29.573,0.13603948026355234,0.6464882172698959,0.2017463809215725,0.015725921544979236
JPN,2006,1.3768932110812315,0.256,0.324675,4.117,29.869,0.135177433405355,0.6402205539615218,0.20869484087929316,0.015907171753830097
JPN,2007,1.4750991925602142,0.046,0.745833333,3.833,30.402,0.1344123496590406,0.6343400874410391,0.21516019705938622,0.01608736584053414
JPN,2008,-1.1739441638093928,1.382,0.846666667,3.983,28.661,0.1337760193651502,0.6285440938031847,0.22140977257481295,0.016270114256852135
JPN,2009,-5.588411764107271,-1.331,0.578333333,5.075,25.348,0.13299487221439324,0.624065201427452,0.22648317341292817,0.016456752945226628
JPN,2010,4.062203263259989,-0.742,0.383333333,5.058,26.429,0.13211543603584733,0.6214147334785528,0.22982087451152247,0.016648955974077367
JPN,2011,-0.1612446655331223,-0.277,0.332596667,4.583,25.624,0.13129697737678994,0.6165550473078163,0.23533440324343147,0.016813572071962272
JPN,2012,1.5965590419684927,-0.049,0.327210833,4.325,24.956,0.1303578039836929,0.6087538772211322,0.24389937690480257,0.016988941890372408
JPN,2013,2.18067280054306,0.332,0.236704167,4.008,25.299,0.12929209885416243,0.6006798600185587,0.25285836364575104,0.017169677481527878
JPN,2014,0.4643074911627742,2.758,0.204916667,3.583,25.787,0.12809248598349798,0.5935878071017258,0.26096430390065023,0.017355403014126084
JPN,2015,1.6742219846800133,0.799,0.169666667,3.375,28.235,0.12682325945162937,0.5877412547299569,0.26789729137390117,0.017538194444512645
JPN,2016,0.7676669725151353,-0.124,0.073666667,3.108,28.788,0.12557919670793205,0.5823247415375301,0.27369443151169504,0.01840163024284273
JPN,2017,1.847050103859349,0.486,0.059333333,2.817,29.343,0.12439245316696558,0.5780847039409611,0.2782593338873293,0.01926350900474396
JPN,2018,0.8428469427332219,0.989,0.072333333,2.433,29.169,0.12319296068207752,0.5748320753991111,0.28183940261800106,0.0201355613008103
JPN,2019,-0.1855199493862369,0.468,0.031083333,2.358,29.235,0.12191199907077717,0.5724879040195475,0.28457999653013416,0.021020100379541197
JPN,2020,-3.8855123720825446,-0.027,-0.035416667,2.8,28.191,0.1204169275209681,0.5702678881471429,0.28737617933505366,0.021939004996835307
JPN,2021,2.98865826683552,-0.235,-0.0655,2.817,29.718,0.11868313628450207,0.5689132966311455,0.29035542421459926,0.022048142869753182
JPN,2022,1.2812515272600855,2.496,-0.0295,2.592,28.878,0.11678003873003043,0.5688495340285714,0.29220202970652753,0.022168397534870637
JPN,2023,1.958871632272552,3.269,0.003833333,2.575,29.944,0.11467446699860886,0.5692609768793551,0.29378446516847884,0.02228009095355723
JPN,2024,0.5618874234591509,2.739,0.18575,2.567,31.033,0.11467446699860886,0.5692609768793551,0.29378446516847884,0.02228009095355723
KOR,1990,8.9463541384996,8.574,14.7,2.458,39.575,0.2580361906160615,0.6921723972320588,0.048810341371208335,0.0009810707806714152
KOR,1991,9.782940031549492,9.333,18.30083333,2.45,39.581,0.25186445060267804,0.6965695135933069,0.05022994364203635,0.0013360921619787957
KOR,1992,5.252149732340539,6.213,16.4125,2.525,38.62,0.24654585023702963,0.6998992961276777,0.051864005879020784,0.0016908477562719054
KOR,1993,5.913361283877805,4.801,12.96166667,2.9,38.641,0.2418302255849531,0.7025397445250259,0.0535887056067791,0.0020413242832419422
KOR,1994,8.27688343482107,6.266,13.2875,2.475,38.322,0.23692909951455482,0.7051421721250681,0.05554104404503611,0.002387684315340859
KOR,1995,8.637266715181834,4.481,14.05416667,2.067,38.063,0.23116946167770364,0.7085402930723262,0.05755957962437996,0.0027306656255902026
KOR,1996,6.966405331274861,4.925,12.63416667,2.058,36.34,0.22519341726641443,0.7119665778381787,0.059598159671486683,0.003241845223920107
KOR,1997,5.290228019864629,4.439,13.38166667,2.617,36.39,0.21981271566744404,0.7144519731071685,0.06199096105547102,0.0037443501699164984
KOR,1998,-5.622671545021552,7.514,15.22,6.95,38.104,0.21535916336435534,0.7158115828539054,0.06458774225083658,0.004241511530902696
KOR,1999,10.82670643406458,0.813,6.809166667,6.583,35.687,0.2119508628563339,0.7158620134376098,0.0674526164655461,0.0047345072405102565
KOR,2000,8.292540410232307,2.259,7.078333333,4.425,34.177,0.2095842805625999,0.7144254215625956,0.0707681162014111,0.00522218167339336
KOR,2001,3.925518951057772,4.067,5.3175,4.0,32.36,0.20734547674078793,0.7121600771439724,0.07427483237417787,0.006219613741061778
KOR,2002,7.123079981278924,2.762,4.805,3.258,31.81,0.20444391983990487,0.7103932217936272,0.07795425921291708,0.007208599153550859
KOR,2003,2.5418501236108337,3.515,4.305833333,3.55,33.157,0.2010070745120289,0.7090248684915731,0.08177410816297598,0.008193948833421985
KOR,2004,4.76758561376931,3.591,3.7875,3.658,35.614,0.19697063397524237,0.7081138800637787,0.08573888979839028,0.009176596162588627
KOR,2005,4.137225338572792,2.754,3.649166667,3.75,33.934,0.1921175686252284,0.7080220483124885,0.08970263383218346,0.010157749230099596
KOR,2006,4.6937077737646105,2.242,4.475833333,3.475,32.975,0.18637916820356742,0.7078514974555277,0.09383659208356447,0.01193274225734037
KOR,2007,5.308562368375558,2.535,5.160833333,3.258,33.57,0.18028266504429805,0.707891075073843,0.09813469573329228,0.01369156414856674
KOR,2008,2.225236810121678,4.674,5.4875,3.175,33.378,0.17407181285871992,0.7085139817728303,0.10197846646984925,0.015435738898600442
KOR,2009,0.3022991068968084,2.756,2.628333333,3.633,33.27,0.16807212372774402,0.7092026497009225,0.1055623126822466,0.017162913889086952
KOR,2010,6.449970287824192,2.939,2.671666667,3.708,35.061,0.16230528683163745,0.7095478905724207,0.10928277519484195,0.01886404740109986
KOR,2011,2.8937644526031203,4.026,3.4375,3.408,34.457,0.15618154369647302,0.7104700289563044,0.11278626462105795,0.020562162726164544
KOR,2012,2.0099667818026523,2.187,3.2975,3.225,34.445,0.14998419291034518,0.7115950267279988,0.11623603179942282,0.022184748562233278
KOR,2013,2.8222628841727992,1.301,2.7225,3.1,34.639,0.14456475443066638,0.7115636865206121,0.12009464449343892,0.02377691455528261
KOR,2014,2.568363616467928,1.275,2.491666667,3.492,34.686,0.13979974952242627,0.7105591773475071,0.1242998516266296,0.025341221503437074
KOR,2015,2.3790397847516687,0.706,1.77,3.592,35.914,0.13529643562165683,0.7092984715384185,0.12851612022745645,0.02688897261246815
KOR,2016,2.762900759569309,0.972,1.493333333,3.675,36.375,0.13110943523371427,0.7082175800816872,0.13255561311266933,0.028117371571929187
KOR,2017,3.1429854597188944,1.944,1.443333333,3.683,36.525,0.12760597798591763,0.7053765391688256,0.13761516286171865,0.029402319983538136
KOR,2018,2.7297957289520003,1.476,1.68,3.833,35.465,0.12446189641875678,0.7014659583546328,0.14337416389421917,0.030697981332391336
KOR,2019,1.9584914464769287,0.383,1.696666667,3.783,34.356,0.12133455968015358,0.6972448129288594,0.14941762305505235,0.0320030043359347
KOR,2020,-0.8370422311361203,0.537,0.923333333,3.955,35.88,0.11826637268582575,0.6914525833156144,0.15695608055935847,0.03332496343920136
KOR,2021,4.747746467252867,2.498,0.85,3.675,36.716,0.1151191027649408,0.6862188652985852,0.16533058712181029,0.03333144481466375
KOR,2022,2.920345613410613,5.09,2.475,2.883,34.424,0.11125814166043298,0.6817889761874528,0.17357902773796516,0.03337385441414907
KOR,2023,1.325591374027546,3.597,3.709166667,2.708,34.049,0.10682183965874029,0.6777005522781917,0.1820819730505897,0.033395635012478275
KOR,2024,1.949342871046822,2.322,3.550833333,2.8,35.673,0.10682183965874029,0.6777005522781917,0.1820819730505897,0.033395635012478275
MEX,1990,3.241012637052365,26.65,29.23,2.742,17.337,0.3868272245758491,0.564551262089899,0.04022169961737581,0.008399813716875974
MEX,1991,2.014768947396095,22.609,19.95,2.692,15.922,0.3808695813355997,0.5705353164577914,0.0409172080409617,0.0076778941656471655
MEX,1992,1.6499730283023428,15.517,22.76,2.83,14.093,0.3755022990404918,0.5759020372745554,0.041612976327252936,0.00698268735769987
MEX,1993,1.0120931089363294,9.763,14.68,3.43,16.181,0.3708623199283157,0.5804351419645974,0.04238907591093519,0.006313462196151605
MEX,1994,2.5703773574992983,6.986,16.96,3.7,16.586,0.36671828281866437,0.584371946760964,0.043241178561030096,0.00566859185934152
MEX,1995,-7.4901177048248835,35.061,46.54,6.23,18.897,0.36278109788460533,0.5880006026031357,0.04417167158961129,0.0050466279226476325
MEX,1996,4.524675904777609,34.35,26.97,5.45,19.157,0.35835284101078607,0.59138327405843,0.045132078210477405,0.005131806720306527
MEX,1997,5.589982344161926,20.597,22.29416667,3.73,19.682,0.3538489800497881,0.5947399590392409,0.04619575028429491,0.005215310626675958
MEX,1998,4.691933024702433,15.917,27.14166667,3.16,19.935,0.3494068396057996,0.5979641611172433,0.0473321235012267,0.00529687577573042
MEX,1999,1.407563875034734,16.566,24.62666667,2.5,20.026,0.344957475030056,0.6011382731381356,0.0485276694146276,0.005376582417180891
MEX,2000,3.672731158742226,9.486,17.23166667,2.2,19.738,0.3404265813386778,0.6043858340078037,0.04973209174028248,0.005455492913236115
MEX,2001,-1.8050607736859288,6.366,13.42666667,2.768,18.077,0.33613003681416737,0.607135411842541,0.051010519829901166,0.005724031513390388
MEX,2002,-1.6309993365538955,5.037,8.45,2.978,18.879,0.3318062832638677,0.6098161458101097,0.05239137656852938,0.005986194357493215
MEX,2003,-0.2021340633143187,4.55,7.164166667,3.4,20.354,0.3275270752956232,0.612474142725431,0.0537566139220564,0.006242168056889497
MEX,2004,2.201267707246579,4.694,7.4425,3.919,21.581,0.32310835079416483,0.6153205298485601,0.05507910114218968,0.00649201821508529
MEX,2005,0.7689324806280817,3.99,9.631666667,3.478,20.899,0.3184278384323882,0.6185094202989497,0.05632767019359256,0.006735071075069494
MEX,2006,3.3335670439939014,3.633,7.69,3.566,22.248,0.31299972027529444,0.6223997071689825,0.05747670973538895,0.007123862820334097
MEX,2007,0.5374339673800854,3.969,7.784166667,3.653,22.227,0.307691804392138,0.6264259012877668,0.05838537317066264,0.007496921149432643
MEX,2008,-0.6326048160988362,5.13,8.3525,3.904,22.715,0.3025942047300001,0.6304393510561084,0.05911239400248725,0.007854050211404309
MEX,2009,-7.749609762499099,5.296,5.929166667,5.384,22.508,0.2976505155758379,0.6343162899486151,0.059834088336702194,0.008199106138844758
MEX,2010,3.3926485634837134,4.155,5.0,5.309,22.992,0.2928832927264111,0.6379763429162502,0.0606059799305419,0.008534384426796845
MEX,2011,1.94263947706288,3.404,4.855,5.19,23.394,0.28900686275994725,0.6410449991222281,0.0614573670957513,0.008490771022073275
MEX,2012,2.1372460338999755,4.111,4.806666667,4.931,22.968,0.2855261027222482,0.6435720395421062,0.06245024379054743,0.008451613945098293
MEX,2013,-0.4441090146585003,3.804,4.285833333,4.94,20.287,0.28225522817364995,0.6457798709525189,0.06354789456965271,0.008417006304178425
MEX,2014,1.2751009081187092,4.019,3.525833333,4.835,20.472,0.27895020031053996,0.647911296960792,0.06474929707167455,0.008389205656993618
MEX,2015,1.5945599253990972,2.719,3.3425,4.346,21.137,0.27535326286756284,0.650167983089378,0.066106145694458,0.008372608348601209
MEX,2016,0.7687319902267564,2.82,4.568333333,3.874,22.07,0.2712838759192276,0.6525146198691686,0.06760873533253932,0.008592768879064449
MEX,2017,0.9003699456568315,6.042,7.120833333,3.419,22.095,0.2670460376406226,0.6548958617786707,0.06924721165547267,0.00881088892523409
MEX,2018,0.9857904553584484,4.898,8.055833333,3.321,21.413,0.2627802394038017,0.6571709901136364,0.07102559222948734,0.009023178253074597
MEX,2019,-1.3478010914200311,3.635,8.273333333,3.489,21.852,0.2586753920216547,0.6591690007033667,0.07292524889030841,0.009230358384670146
MEX,2020,-9.064207439183203,3.398,5.673333333,4.407,22.634,0.2549575793563981,0.6611626824078566,0.074434683580389,0.009445054655356283
MEX,2021,5.412298440878938,5.693,4.655833333,4.141,21.361,0.2517596974918888,0.6634237680574252,0.07543430663574652,0.009382227814939501
MEX,2022,2.930797335021862,7.897,8.1925,3.274,21.57,0.24829674935762286,0.6653588231387051,0.07703259350664601,0.009311833997026004
MEX,2023,2.3700498903683087,5.526,11.4575,2.797,23.626,0.24440508633903044,0.6669139411612441,0.0794500011365059,0.009230971363219504
MEX,2024,0.5803921461154493,4.723,11.26833333,2.668,23.838,0.24440508633903044,0.6669139411612441,0.0794500011365059,0.009230971363219504
NLD,1990,3.5672829626886005,2.5,8.6825,5.112,25.668,0.17597970657469245,0.6256065680261659,0.11975810727756556,0.07865561812157613
NLD,1991,1.6468184839358413,3.178,9.281666667,4.799,24.536,0.17636726670709316,0.6229855117983463,0.12047328653277546,0.08017393496178511
NLD,1992,0.7916457613554417,2.839,9.3525,4.865,24.141,0.1768764566628384,0.6202885292946128,0.12115399280673257,0.0816810212358163
NLD,1993,0.5330369079665775,1.642,6.854166667,5.53,24.148,0.1774037734279766,0.6176581835147098,0.12172641867428388,0.08321162438302973
NLD,1994,2.3212201405099275,2.118,5.176666667,6.193,25.116,0.17792559324563337,0.6148690296290408,0.12239131716490752,0.08481405996041833
NLD,1995,2.579846519184681,1.349,4.3725,7.733,27.107,0.1781066631245389,0.6120526250105806,0.12335428788857332,0.08648642397630715
NLD,1996,2.949993822771435,1.446,2.9975,7.099,26.996,0.1779433820670514,0.6090686799965243,0.12422858988670543,0.08875934804971883
NLD,1997,3.7553307919804046,1.858,3.334166667,6.101,28.553,0.17800075580550082,0.6060363000331602,0.12500214645200705,0.09096079770933187
NLD,1998,4.071412603047464,1.782,3.455,4.93,25.71,0.17845648607796735,0.6029550946992398,0.12556650435231154,0.09302191487048138
NLD,1999,4.331772331960937,2.037,2.963488346,4.139,26.47,0.17906337844029904,0.6000529793131624,0.1258845882832971,0.09499905396324157
NLD,2000,3.546265389496428,2.347,4.39176543,3.66,24.196,0.17954998329727773,0.5973728232246084,0.1261620488182789,0.09691514465983503
NLD,2001,1.539890112641218,5.113,4.261780438,3.137,24.873,0.17994832137148886,0.595458107899761,0.12619871028978158,0.09839486043896863
NLD,2002,-0.489533631758976,3.854,3.318601627,3.665,23.287,0.17989406467354502,0.5937868686683263,0.12635296267183838,0.09996610398629031
NLD,2003,-0.4416030535437931,2.225,2.333474191,5.921,25.565,0.17964963702377088,0.591763687615599,0.1269052463897893,0.10168142897084068
NLD,2004,1.602701933196915,1.383,2.10632298,6.773,27.321,0.1790317904123301,0.5893796837618771,0.12808103927989573,0.103507486545897
NLD,2005,1.731929625935913,1.492,2.184689332,6.961,26.698,0.17769552603562183,0.5871150408940763,0.1297504936015513,0.10543893946875049
NLD,2006,3.357101727305545,1.652,3.079211845,6.079,28.867,0.17597395611328256,0.585977126082407,0.131621161982694,0.10642775582161632
NLD,2007,3.730977897371335,1.588,4.277596427,5.295,28.51,0.17418440603514887,0.5849135917880184,0.13354964144806747,0.10735236072876535
NLD,2008,1.8317478481282068,2.213,4.634232681,4.77,26.151,0.17251053758397922,0.5836050810320597,0.13579684065886066,0.1080875407251005
NLD,2009,-4.140039846414901,0.971,1.22834975,5.422,24.118,0.17102619552089862,0.5818514158647579,0.13844238993296032,0.10867999868138323
NLD,2010,0.7716222983936927,0.931,0.810953933,6.082,26.671,0.1697714569022496,0.5798977833176865,0.14106569969355268,0.10926506008651123
NLD,2011,1.2830247663005334,2.471,1.390599744,6.05,27.172,0.16831626645141612,0.5759578701798944,0.14503419577774854,0.11069166759094107
NLD,2012,-1.4186158067806431,2.818,0.573181087,6.823,26.392,0.16665842456960364,0.5705519596923322,0.15058083728099242,0.11220877845707174
NLD,2013,-0.3252219799835254,2.556,0.220661223,8.204,26.63,0.1646263410467681,0.5661503525978538,0.15542666400189592,0.11379664235348216
NLD,2014,1.3120559919304942,0.321,0.209945672,8.338,26.568,0.162391316991688,0.5627033940545875,0.15960604080243038,0.1152992481512941
NLD,2015,1.6894114013711992,0.218,-0.019375701,7.887,27.049,0.16007597399329282,0.5601097487858054,0.16312125846116132,0.11669301875974028
NLD,2016,1.951891203785849,0.113,-0.263695659,7.005,27.093,0.1573996525250407,0.5564238664415575,0.16593481208877137,0.1202416689446304
NLD,2017,2.166880422396855,1.294,-0.329056116,5.873,28.344,0.15492053591693392,0.5527768739564906,0.1686480566109763,0.12365453351559914
NLD,2018,1.6675846177430786,1.598,-0.322092958,4.881,29.476,0.15234283452027736,0.5491851445239714,0.17141321336357643,0.12705880759217483
NLD,2019,1.7016462359880968,2.672,-0.35631935,4.436,28.599,0.14984457597080356,0.5457847971208222,0.174025418778165,0.13034520813020917
NLD,2020,-4.569195178924512,1.106,-0.425159625,4.851,26.936,0.14766412777968888,0.5420737550513187,0.17654499011182964,0.13371712705716268
NLD,2021,5.865335547641082,2.827,-0.548756293,4.226,32.211,0.14638347506552743,0.5410571130466327,0.1795499336498809,0.13300947823795903
NLD,2022,4.319209925808432,11.622,0.341555419,3.537,29.478,0.1451060606762989,0.5410656116721116,0.18211041284161045,0.13171791480997905
NLD,2023,-1.167016347364369,4.118,3.430800561,3.553,29.814,0.14339621317080434,0.5414144388750172,0.1848408717091968,0.13034847624498172
NLD,2024,0.2387345801090568,3.223,3.57091273,3.659,29.228,0.14339621317080434,0.5414144388750172,0.1848408717091968,0.13034847624498172
NOR,1990,1.5314238287137627,4.131,5.6,5.229,26.927,0.1837384454027931,0.6113233490658065,0.15953215883428257,0.04540604669711781
NOR,1991,2.500802502660182,3.438,4.6,5.469,25.616,0.18418740749561932,0.6094338247932566,0.15927698898717563,0.04710177872394845
NOR,1992,2.967277099102006,2.328,2.9,5.915,24.772,0.18513979726617177,0.607415088280332,0.158714291863502,0.04873082258999425
NOR,1993,2.2367931026401555,2.288,2.3,5.948,24.779,0.18634388113534245,0.6057034524759839,0.15762266974221345,0.05032999664646039
NOR,1994,4.485285890373603,1.376,3.2,5.393,25.711,0.18738198630359695,0.604205012974848,0.15649077924494756,0.051922221476607584
NOR,1995,3.6420562758568753,2.46,2.5,4.906,27.4,0.1883083074816027,0.6026415507711932,0.1555281409637663,0.053522000783437926
NOR,1996,4.483781277538768,1.263,4.893333333,4.833,29.354,0.18921624067921222,0.6003929119272645,0.15443967766796474,0.05595116972555853
NOR,1997,4.793377804138466,2.567,3.13,4.034,31.071,0.19005304556551988,0.5984237863158037,0.15318991329485346,0.058333254823822955
NOR,1998,2.0384358579431217,2.252,6.75,3.186,27.858,0.1907406224746481,0.5970740049281105,0.15152958051033633,0.06065579208690519
NOR,1999,1.3243869806813136,2.366,1.75,3.172,29.918,0.19158157930891814,0.5961245796807422,0.14940146179098202,0.06289237921935763
NOR,2000,2.688250392301139,3.086,2.5,3.426,36.449,0.19227367454881206,0.5953039802781958,0.14730351622526344,0.0651188289477288
NOR,2001,1.6471248074239275,3.004,2.75,3.546,36.322,0.19236938030514947,0.5941400509608947,0.14565626054438785,0.06783430818956779
NOR,2002,0.7555680380799012,1.287,1.19,3.889,32.76,0.19199176115366767,0.5933300999071399,0.14417998710449106,0.07049815183470126
NOR,2003,0.3793335188923663,2.488,0.81,4.494,31.594,0.1911216782640756,0.5927172813625698,0.14306430542937507,0.07309673494397949
NOR,2004,3.420313422524246,0.454,0.75,4.471,34.153,0.18967246094483742,0.5920976840491382,0.142571605441725,0.07565824956429942
NOR,2005,1.962446668906792,1.532,1.5,4.616,38.87,0.18777205629786262,0.5917341823407722,0.14237688627862888,0.07811687508273625
NOR,2006,1.5826341399722832,2.329,3.25,3.444,40.538,0.1852436673022216,0.5885220965846111,0.14172916004183245,0.08450507607133492
NOR,2007,1.8296960778785287,0.713,3.44,2.539,39.641,0.18274191390547057,0.5855970575556222,0.14108428310833912,0.0905767454305682
NOR,2008,-0.890896875981706,3.754,2.38,2.747,41.92,0.18049187716451476,0.5821792785010216,0.14101834252252626,0.09631050181193729
NOR,2009,-3.067335166441576,2.197,1.0,3.266,35.61,0.17866441205540506,0.5775032734491048,0.14195862277492183,0.10187369172056837
NOR,2010,-0.557337031520666,2.419,0.69,3.794,36.624,0.1767935895762914,0.5722061367571785,0.14370151776521212,0.10729875590131806
NOR,2011,-0.2134834336744773,1.285,0.44,3.364,38.673,0.17443411707889087,0.5647442705060883,0.14594992335908488,0.11487168905593574
NOR,2012,1.3905473691743442,0.697,0.38,3.294,39.405,0.17205938278843647,0.5573303350680961,0.14839930396939696,0.12221097817407044
NOR,2013,-0.1366877640117447,2.12,0.38,3.773,38.55,0.1700299471007059,0.5499744937353406,0.1505370390036701,0.12945852016028345
NOR,2014,0.8577083610442404,2.042,0.06,3.617,39.033,0.16797324324876714,0.5427201334528492,0.15265756283096782,0.1366490604674159
NOR,2015,0.8988798915032792,2.171,0.12,4.531,35.913,0.16593545264328619,0.5354998322662022,0.15474815748132237,0.1438165576091893
NOR,2016,0.2645860593869509,3.55,0.35,4.74,32.945,0.16494786174821421,0.5316994153724334,0.1567617962090404,0.14659092667031198
NOR,2017,1.7253964089009033,1.875,0.15,4.216,33.866,0.1641134759165233,0.5274288169777057,0.15898836463938149,0.14946934246638946
NOR,2018,0.1917279349997525,2.765,0.846,3.854,36.681,0.16274442380363166,0.5231707990912603,0.1616129140053118,0.15247186309979616
NOR,2019,0.5034998503742338,2.168,1.46,3.728,33.403,0.16079574316618986,0.5195011977510833,0.16429780820106774,0.15540525088165905
NOR,2020,-1.7876233095857397,1.287,1.26,4.595,32.455,0.15858042912300332,0.515771042316402,0.16721858444267612,0.15842994411791853
NOR,2021,3.321718133442864,3.484,0.16,4.41,39.973,0.1564271160033287,0.5152565401780906,0.17073059335822874,0.15758575046035195
NOR,2022,2.113438484081476,5.764,0.19,3.252,50.809,0.1545238543128241,0.5159160544872303,0.173381054817552,0.1561790363823936
NOR,2023,-0.9829591272219274,5.518,3.01,3.595,41.634,0.1518807095346091,0.518174753545236,0.17553029288658958,0.1544142440335652
NOR,2024,1.1596418356435212,3.145,3.7,4.013,41.142,0.1518807095346091,0.518174753545236,0.17553029288658958,0.1544142440335652
NZL,1990,-1.1500258993695445,6.098,13.8925,7.975,17.725,0.21812855159371775,0.5443179872937083,0.08505117120994435,0.15250228990262962
NZL,1991,-3.8646546130310377,2.602,9.965833333,10.625,15.599,0.21684698509060302,0.5438890318106492,0.08638481346412039,0.15287916963462733
NZL,1992,-0.3555710590210759,1.015,6.73,10.675,15.498,0.21516995779878773,0.5425510323535078,0.08762521960187072,0.15465379024583378
NZL,1993,4.029673132296763,1.288,6.33,9.8,17.658,0.2145472525747427,0.5402062256662347,0.08843336128359858,0.15681316047542407
NZL,1994,4.182154401691873,1.745,6.735,8.35,18.94,0.21394539482614136,0.5383715492040181,0.08902573452501988,0.15865732144482075
NZL,1995,3.3463823669376724,3.755,9.008333333,6.45,19.412,0.21323887510670028,0.537237151301216,0.08933117082016971,0.16019280277191403
NZL,1996,2.4555582050483027,2.286,9.300833333,6.325,18.334,0.2127387177246825,0.5353906823884999,0.0892010827005089,0.16266951718630865
NZL,1997,1.1298890283728769,1.187,7.659166667,6.875,18.675,0.21217090509538117,0.5333528376070639,0.08907946888362303,0.16539678841393188
NZL,1998,-0.4664627124102205,1.265,7.349166667,7.725,18.182,0.21142302861621182,0.5306544547880541,0.08928645361472287,0.16863606298101128
NZL,1999,3.900080349320545,-0.114,4.83,7.05,18.131,0.21031517085730367,0.5277754494167662,0.08963342849123901,0.17227595123469105
NZL,2000,3.5965412835742727,2.615,6.52,6.15,19.318,0.20882580606360374,0.5251395047768364,0.09006580301505558,0.17596888614450432
NZL,2001,1.8221984647837752,2.626,5.7425,5.475,21.256,0.2063351502050806,0.5207051303875815,0.09025566179847822,0.18270405760885974
NZL,2002,2.9948514812564,2.677,5.666666667,5.3,20.998,0.20340197339057284,0.5185046715252909,0.08997735704459384,0.18811599803954246
NZL,2003,2.4436977678952143,1.754,5.423333333,4.75,21.296,0.20023837896338587,0.517303506089925,0.08967260244124023,0.19278551250544892
NZL,2004,3.2769174960488368,2.29,6.129166667,4.025,20.292,0.19690419268492787,0.5153917550347883,0.0899220000046524,0.1977820522756314
NZL,2005,2.035299280549596,3.037,7.111666667,3.8,18.218,0.19328530680665196,0.5125450226015364,0.0910377045356519,0.20313196605615977
NZL,2006,1.6028592886433437,3.365,7.545833333,3.875,17.228,0.19200710674949903,0.5092688799934958,0.09273105305193285,0.2059929602050723
NZL,2007,2.4955035668424275,2.376,8.333333333,3.625,17.849,0.1917205773589181,0.5049408567848741,0.09427086693933877,0.20906769891686894
NZL,2008,-1.007788801372489,3.959,8.021666667,4.025,15.687,0.19207658504903063,0.5001992574071572,0.09550361535342614,0.2122205421903861
NZL,2009,-2.024217712465881,2.116,3.035833333,5.9,17.469,0.1925655808697527,0.4954039259308821,0.09690981399083336,0.21512067920853176
NZL,2010,0.599731964335759,2.302,3.000833333,6.2,25.28,0.19298028725297253,0.4902570179359744,0.09884801877192,0.21791467603913317
NZL,2011,0.8827431250005624,4.028,2.8,6.05,20.12,0.19099922524936394,0.48766061016489715,0.10095056689363097,0.22038959769210786
NZL,2012,2.0026457909166018,1.06,2.671666667,6.45,17.399,0.18865691988068484,0.4842964573671709,0.10392051638419093,0.2231261063679533
NZL,2013,1.339271624512861,1.134,2.656666667,5.825,19.009,0.18581003271101793,0.4820935186201784,0.10693875928943289,0.2251576893793708
NZL,2014,2.13490242012504,1.228,3.424166667,5.425,19.387,0.18243935473558048,0.48268622720890175,0.10907710685624952,0.22579731119926827
NZL,2015,1.5130515295718403,0.293,3.240833333,5.425,20.284,0.1789152170478339,0.4853043836525518,0.11043807917115389,0.2253423201284604
NZL,2016,1.684922693043589,0.646,2.33,5.175,20.959,0.17658051188074922,0.47686451300911814,0.1115204771388636,0.23503449797126902
NZL,2017,1.227086057845539,1.851,1.9575,4.75,20.472,0.174905041326152,0.46801845056824565,0.11261526800209819,0.2444612401035042
NZL,2018,1.6388533369191105,1.598,1.946666667,4.325,19.989,0.17356765065304017,0.45843289945595117,0.11397625757343577,0.25402319231757287
NZL,2019,1.295117221631159,1.62,1.519166667,4.1,21.202,0.17216750903540054,0.44870593222334737,0.1159033772079923,0.26322318153325974
NZL,2020,-3.2572635627834523,1.715,0.481666667,4.6,21.16,0.17073036029345778,0.4381923097026663,0.11854229722706289,0.27253503277681296
NZL,2021,5.168954072156873,3.941,0.488333333,3.775,18.981,0.1692913821328264,0.43711093640743914,0.123079650484323,0.2705180309754113
NZL,2022,2.5687950759854195,7.172,2.765833333,3.3,17.09,0.1671771990542379,0.436319045733952,0.12725288106779492,0.26925087414401505
NZL,2023,-0.4654032981315836,5.733,5.478333333,3.725,17.236,0.16467485147412367,0.4371431841256904,0.13107046115515747,0.26711150324502847
NZL,2024,-2.2042534608854525,2.923,5.258333333,4.725,16.801,0.16467485147412367,0.4371431841256904,0.13107046115515747,0.26711150324502847
POL,1990,-8.051031618003112,585.8,,6.3,26.783,0.24801470643301993,0.6327297623954306,0.08962059447193575,0.02963493669961376
POL,1991,-7.248292709700655,70.3,,11.8,16.394,0.24474023199308823,0.6349611525421615,0.09159410149889603,0.028704513965854328
POL,1992,1.7671220792921272,43.0,45.475,13.6,13.294,0.2411378618410384,0.6377429902044378,0.09332810844062976,0.02779103951389405
POL,1993,3.9754305994560646,35.3,34.875,16.4,11.158,0.2370503692510447,0.6407110334053392,0.09534353044022346,0.026895066903392818
POL,1994,5.020530305927795,32.2,31.75666667,11.4,20.615,0.23241174033306766,0.6439062585878936,0.09767203675903695,0.026009964320001827
POL,1995,6.728642999283729,27.875,27.69,13.341,19.232,0.22703160697315575,0.6475098819442379,0.1003123264434955,0.025146184639110773
POL,1996,6.159844239208856,19.9,21.33333333,12.343,18.696,0.22122038848572076,0.6514236563066451,0.10293336765454819,0.024422587553085906
POL,1997,7.003443393158415,14.9,23.11,11.246,19.674,0.2149562184096248,0.6560348995822762,0.10530678405384747,0.023702097954251437
POL,1998,4.925608415623595,11.8,19.905,10.576,20.943,0.20776090936604558,0.6617850266355966,0.1074662602665917,0.022987803731766194
POL,1999,4.505315421000056,7.3,14.67833333,13.133,17.727,0.2005373629986383,0.66757893671501,0.10960120430281649,0.022282495983535187
POL,2000,5.359700386960919,10.1,18.875,16.087,18.715,0.1934232231229951,0.6731505010648537,0.11185563809717905,0.02157063771497212
POL,2001,1.2300216963910149,5.5,15.71583333,18.242,17.559,0.18623015946213173,0.6786863479048545,0.1140440621040045,0.02103943052900924
POL,2002,1.4746371381283652,1.9,8.7725,20.235,18.352,0.1797537801265455,0.6835446392473563,0.11618977463632188,0.020511805989776248
POL,2003,3.5875222606403634,0.735,5.688333333,19.942,18.742,0.17371474422097816,0.6882121031557193,0.11808531589913013,0.01998783672417236
POL,2004,5.167657604252196,3.538,6.243333333,19.276,14.534,0.1681408814791782,0.6924815076002215,0.11990931988023756,0.019468291040362747
POL,2005,3.306174326974065,2.21,5.198333333,18.052,16.802,0.16306022978105428,0.6963594738159539,0.12162893197552152,0.01895136442747041
POL,2006,6.248820242579156,1.197,4.200833333,14.169,17.304,0.15867546429559146,0.6998135964678992,0.12295383537888398,0.018557103857625382
POL,2007,6.848863938849625,2.472,4.769583333,9.944,18.729,0.1551222091938435,0.7029896407512164,0.12372758839256409,0.01816056166237612
POL,2008,4.410764722513738,4.342,6.349166667,7.466,18.004,0.1526802627293859,0.7054710373766098,0.12409800141078373,0.01775069848322064
POL,2009,2.5606493528845364,3.785,4.339166667,8.514,16.783,0.15006692120486326,0.708240774766589,0.12436603924172195,0.017326264786825904
POL,2010,3.475541731404319,2.59,3.931666667,9.635,15.707,0.14937323783454262,0.7092013312962869,0.1245620348193926,0.016863396049777886
POL,2011,5.145242235078085,4.226,4.578333333,9.632,17.222,0.15025878503796622,0.7069511171458133,0.12613667706200235,0.016653420754218107
POL,2012,1.5089690733792516,3.727,4.874558333,10.088,16.712,0.14994676239139346,0.704123870435391,0.1294528355077574,0.016476531665458212
POL,2013,0.6875768944073046,1.117,2.975833333,10.328,17.155,0.14949466420059715,0.7005214096847789,0.13367206437918136,0.016311861735442496
POL,2014,4.042611657522688,0.105,2.489166667,8.988,17.857,0.1492815479206869,0.6962213857829193,0.1383474367369567,0.01614962955943708
POL,2015,4.465422649315998,-0.924,1.738333333,7.499,19.478,0.14927843585875553,0.6912831348219219,0.14344903980038423,0.01598938951893825
POL,2016,3.135401957623918,-0.677,1.701666667,6.161,19.015,0.14910660917200874,0.6847052074620397,0.1491239103615439,0.017064273004407753
POL,2017,5.136514363069122,1.969,1.729166667,4.888,18.714,0.1492973884679551,0.6775868309986536,0.15497395978092618,0.01814182075246533
POL,2018,6.235435185577631,1.767,1.710833333,3.846,19.48,0.14978039383076372,0.6702181728934602,0.16077879148283777,0.019222641792938304
POL,2019,4.59120500973571,2.268,1.7175,3.279,20.432,0.1503837092376502,0.6627754604344079,0.166535892714268,0.02030493761367379
POL,2020,-1.9977136402952955,3.435,0.595,3.163,21.257,0.15051051043655847,0.6560573374371107,0.1720218211662819,0.021410330960048952
POL,2021,9.479106794207537,5.129,0.605,3.373,20.513,0.1502285017378214,0.6517039040818328,0.17658369505825292,0.02148389912209292
POL,2022,5.77930881880806,14.212,6.189166667,2.874,19.772,0.1488846026905982,0.6483224407897944,0.18150239337583157,0.021290563143775868
POL,2023,0.5094477548052367,11.472,6.518333333,2.82,19.301,0.1466570686435839,0.6452556041199609,0.18700388943344676,0.02108343780300844
POL,2024,3.224498981369494,3.723,5.854166667,2.75,17.871,0.1466570686435839,0.6452556041199609,0.18700388943344676,0.02108343780300844
PRT,1990,8.09477052449612,13.37,16.9025,4.225,27.974,0.1983220621923527,0.6251903994624769,0.1328636379471134,0.043623900398057004
PRT,1991,3.608388664466355,11.428,17.7375,4.138,24.395,0.19010596311540878,0.6280958512470916,0.13613844634007632,0.04565973929742341
PRT,1992,3.210310595065313,8.863,16.70575,3.86,25.101,0.18304379082660788,0.6301263927800855,0.13918103895956557,0.04764877743374109
PRT,1993,-0.8087245541497867,5.93,13.24508333,5.127,22.462,0.17773425629276735,0.6309656262774395,0.14176250382119385,0.049537613608599346
PRT,1994,1.2164219063655946,4.971,11.10666667,6.34,20.705,0.17301109522926295,0.6314089737481767,0.1442307593254239,0.05134917169713637
PRT,1995,1.953722907441913,3.969,9.786666667,7.917,20.268,0.16832959511901738,0.6317901347327168,0.14676670836261332,0.05311356178565246
PRT,1996,3.115775773321494,2.936,7.366666667,8.015,19.565,0.16520292870758607,0.6303285503894701,0.14918729288237997,0.05528122802056369
PRT,1997,3.93580285502142,1.89,5.741666667,7.51,19.857,0.16261513528713048,0.6284488734368249,0.15154228728274616,0.05739370399329849
PRT,1998,4.279576855068012,2.215,4.308333333,5.72,20.334,0.1605073288117639,0.6262434500508905,0.15379644452883157,0.05945277660851385
PRT,1999,3.3205401309597926,2.17,2.963488346,5.169,20.255,0.1590122695131309,0.6239098945101758,0.15562410158561468,0.061453734391078735
PRT,2000,3.0891222161119947,2.805,4.39176543,4.717,17.923,0.1574751819824258,0.6214556464378396,0.1577161574487797,0.063353014130955
PRT,2001,1.2272065824126432,4.41,4.261780438,4.801,18.039,0.1555738474296416,0.6190131862295798,0.16018279125789422,0.06523017508288445
PRT,2002,0.2205257615180089,3.701,3.318601627,5.779,17.313,0.1546325646948193,0.6159441273848454,0.16226169792425735,0.06716160999607801
PRT,2003,-1.3017451700763738,3.237,2.333474191,7.038,16.45,0.15383863684082402,0.6128202658345964,0.16415396807708255,0.06918712924749706
PRT,2004,1.5456346165164447,2.51,2.10632298,7.392,15.595,0.152857559855063,0.6094596499516786,0.16639050873207886,0.07129228146117952
PRT,2005,0.5950743077534293,2.13,2.184689332,8.343,13.592,0.15173055186599896,0.6063032410712242,0.16854104498874536,0.07342516207403156
PRT,2006,1.4419634620266075,3.046,3.079211845,8.408,12.928,0.15114893216725012,0.605181478356385,0.170550677871404,0.07311891160496078
PRT,2007,2.30555070663232,2.422,4.277596427,8.722,13.386,0.15024455939320885,0.6043686419547418,0.1725838047271954,0.07280299392485387
PRT,2008,0.1746382966371973,2.652,4.634232681,8.315,11.392,0.14938062995638854,0.6031625279644547,0.17493102215569067,0.07252581992346613
PRT,2009,-3.2143475209734595,-0.903,1.22834975,10.177,11.063,0.1485983192368347,0.6013103205507199,0.17780717903585455,0.07228418117659097
PRT,2010,1.6908923063925885,1.391,0.810953933,11.506,10.846,0.14748328238170053,0.5991404866022729,0.18126643639175472,0.07210979462427189
PRT,2011,-1.645974610779111,3.554,1.390599744,13.585,13.551,0.1462376738204153,0.5952785401038784,0.18429425258612667,0.07418953348957959
PRT,2012,-3.737302535062048,2.776,0.573181087,16.636,14.069,0.14532648159685727,0.5910548313302864,0.18717912328845304,0.07643956378440335
PRT,2013,-0.4411883018038742,0.44,0.220661223,17.216,15.716,0.14379442734345624,0.5864351630846226,0.19097953562709422,0.07879087394482705
PRT,2014,1.2671630426074554,-0.16,0.209945672,14.546,15.203,0.1417036394222155,0.5817827903244397,0.1953680683680981,0.08114550188524658
PRT,2015,1.9594091532886493,0.508,-0.019375701,12.862,15.927,0.13927384897611605,0.5778339169087932,0.1994986242880728,0.08339360982701795
PRT,2016,2.2535089874748504,0.636,-0.263695659,11.268,16.711,0.13693884194382336,0.5735533866363978,0.20327041208261215,0.08623735933716668
PRT,2017,3.4785610979026105,1.556,-0.329056116,9.242,18.516,0.1349718764507527,0.5688756310713821,0.20713037579504637,0.08902211668281894
PRT,2018,3.000996269081946,1.168,-0.322092958,7.167,18.933,0.1329451496718805,0.564504245036465,0.21082459844230023,0.09172600684935421
PRT,2019,2.549019626480664,0.3,-0.35631935,6.633,18.984,0.13092902563255732,0.5601767361843946,0.21467465670483626,0.09421958147821184
PRT,2020,-8.473375088957958,-0.121,-0.425159625,7.092,18.326,0.12883226962893565,0.555865574326608,0.21868568005130698,0.09661647599314943
PRT,2021,5.326888197329938,0.941,-0.548756293,6.725,20.272,0.12691903068971858,0.553667610259711,0.22298690433233018,0.0964264547182403
PRT,2022,6.360819797588424,8.103,0.341555419,6.192,19.35,0.1254977826063897,0.5513344080114638,0.22698310873808353,0.09618470064406291
PRT,2023,1.5528818775892406,5.264,3.430800561,6.592,21.031,0.12441799420136909,0.548292172615207,0.23123114586906507,0.09605868731435878
PRT,2024,1.0393235635479223,2.67,3.57091273,6.475,22.125,0.12441799420136909,0.548292172615207,0.23123114586906507,0.09605868731435878
SGP,1990,5.631848237189008,3.45,5.63,1.775,43.733,0.19340447448357362,0.5352920837046826,0.03204033042603429,0.23926311138570946
SGP,1991,3.6953808754812014,3.44,4.63,1.75,44.7,0.19255438988282653,0.5276533650735854,0.03105639750903217,0.2487358475345559
SGP,1992,3.48371795265936,2.244,2.88,1.8,46.744,0.1919423567189411,0.5194028944065555,0.03049167285119673,0.2581630760233066
SGP,1993,8.67530606673592,2.291,2.31,1.7,43.979,0.19104579052000495,0.5117681648468363,0.030209301568586328,0.2669767430645724
SGP,1994,7.665159985136438,3.096,3.19,1.725,48.198,0.18958457986486696,0.5058445200547601,0.02993770585142505,0.2746331942289479
SGP,1995,3.9685670604376,1.725,4.25,1.75,50.378,0.18696596087105463,0.502906718017152,0.029539499740280844,0.28058782137151245
SGP,1996,3.19098466266885,1.379,2.5,1.65,49.667,0.18117348331041105,0.5029697426157574,0.025635901718078023,0.2902208723557535
SGP,1997,4.739926438216391,2.023,3.13,1.425,53.74,0.1754619270153933,0.5033435902568665,0.02209400592236916,0.2991004768053711
SGP,1998,-5.457986862777997,-0.271,6.75,2.5,53.282,0.1708592582055112,0.500432445386837,0.019176850465247565,0.3095314459424043
SGP,1999,4.876892041187331,0.024,1.75,2.8,49.895,0.167255985480607,0.4932574270330667,0.016876525409820164,0.3226100620765062
SGP,2000,7.165988959577119,1.348,2.5,2.675,46.246,0.16338846835817902,0.48693933082130075,0.014700966112342622,0.33497123470817763
SGP,2001,-3.703667105044473,1.015,2.75,2.65,42.042,0.16135867698241518,0.4782770908656259,0.014539598257213142,0.34582463389474577
SGP,2002,2.979230454985027,-0.392,1.19,3.55,39.951,0.16012561213004675,0.46559557548212305,0.013707083074856652,0.3605717293129735
SGP,2003,6.101275556089636,0.487,0.81,3.95,41.527,0.157852132969411,0.45058755583586757,0.012889449513018203,0.3786708616817033
SGP,2004,8.57220510761083,1.672,0.75,3.35,42.204,0.1534208172393981,0.4403475870630223,0.013491429848415967,0.39274016584916366
SGP,2005,4.872092708981746,0.473,1.5,3.125,44.767,0.14799946162036107,0.4362579475717099,0.01498150286403674,0.4007610879438923
SGP,2006,5.648343811078926,0.966,2.647,2.65,49.273,0.13800576257448846,0.4363926909970325,0.01684041825635152,0.40876112817212756
SGP,2007,4.572986639211329,2.11,3.28,2.125,50.209,0.12749045744438994,0.44292203984975587,0.017911700494831383,0.4116758022110229
SGP,2008,-3.4154930708878983,6.635,1.57,2.225,45.243,0.11770578027815519,0.4507811425662419,0.01894372923359091,0.412569347922012
SGP,2009,-2.846771069897047,0.589,0.41,3.025,43.763,0.10968052663066366,0.4525908322670468,0.020313762467753554,0.41741487863453597
SGP,2010,12.508520322165406,2.829,0.2138,2.175,50.592,0.10262301817564419,0.4497529453336154,0.021232854587361797,0.42639118190337866
SGP,2011,4.023382788462149,5.251,0.0798,2.025,48.91,0.10002400506807964,0.44812585834038143,0.021820529697684728,0.4300296068938541
SGP,2012,1.904461378911959,4.581,0.0543,1.95,46.906,0.09783239862094617,0.44509314016227386,0.02403244681358526,0.43304201440319473
SGP,2013,3.1339787918001294,2.364,0.0576,1.9,45.687,0.09597612220094426,0.4396144265385295,0.026952969020934296,0.43745648223959194
SGP,2014,2.5947230745464456,1.033,0.064,1.95,47.38,0.09460666190292968,0.4320948899759982,0.029962586342732567,0.4433358617783396
SGP,2015,1.7623246581859764,-0.522,0.121,1.9,44.046,0.09353524792458455,0.4239442662301565,0.033063036217050555,0.4494574496282084
SGP,2016,2.410214892177187,-0.53,0.3493,2.075,44.403,0.09409649225577339,0.42232348042405343,0.03691722887497951,0.44666279844519363
SGP,2017,4.384378814328183,0.577,0.1478,2.175,45.88,0.09513066242737321,0.4176821755798031,0.04117231762545797,0.44601484436736577
SGP,2018,2.9671964009631457,0.439,0.8468,2.1,40.467,0.09617523309396021,0.4132643057932214,0.04551495957089786,0.4450455015419205
SGP,2019,0.155397597646556,0.568,1.466,2.25,39.886,0.09701152425782412,0.4096494041647834,0.04963651075369572,0.4437025608236968
SGP,2020,-3.5142331575716,-0.172,1.266,3.0,40.306,0.09825244003697053,0.3986758895513563,0.05403600846632134,0.4490356619453518
SGP,2021,14.430815373942153,2.316,0.1662,2.65,43.817,0.09788290911582337,0.38715627924252066,0.059945296765946246,0.4550155148757097
SGP,2022,0.7198215789920637,6.131,0.1949,2.1,40.636,0.09668374636685051,0.3912229533187802,0.06542080638993594,0.4466724939244333
SGP,2023,-3.007155887999946,4.834,3.01,1.925,38.932,0.09506754041373862,0.39805663740386116,0.0709440577831799,0.43593176439922027
SGP,2024,2.326637318791746,2.39,3.7,1.95,39.741,0.09506754041373862,0.39805663740386116,0.0709440577831799,0.43593176439922027
SWE,1990,0.0048226275877638,10.47,13.6675,2.242,24.112,0.17183956310445647,0.5686413059194778,0.1673580304180577,0.09216110055800812
SWE,1991,-1.7148741932127898,8.792,11.59333333,4.0,21.42,0.17324158093359848,0.5654497369663706,0.16635430202232596,0.0949543800777049
SWE,1992,-1.4813959225108864,1.378,12.85833333,7.1,19.082,0.17492562364772563,0.5620894821370711,0.16518716570445002,0.09779772851075333
SWE,1993,-1.806317897052312,4.689,8.351666667,11.15,17.466,0.17662857781270921,0.5589470610123656,0.16381454492732084,0.10060981624760439
SWE,1994,3.174790776689252,2.91,7.400833333,10.783,21.018,0.17797757223932512,0.556460543564547,0.1623100183481223,0.10325186584800555
SWE,1995,3.8455538003434375,2.465,8.745833333,10.417,23.582,0.17811270223928435,0.5546325063429736,0.16120562156155546,0.10604916985618666
SWE,1996,1.6242818745629828,1.02,5.79,10.883,23.454,0.17812992787880313,0.5538827379415525,0.16057307831638595,0.10741425586325845
SWE,1997,3.028465563901639,1.818,4.1075,10.875,23.775,0.17777830911995715,0.5534510561499805,0.15988704569678408,0.1088835890332783
SWE,1998,4.166885996724234,1.008,4.1875,8.817,24.604,0.17731319829591374,0.5533897358582747,0.15894447257496477,0.11035259327084687
SWE,1999,4.117544165656439,0.57,3.115,7.55,25.042,0.17670839897076965,0.5537656700764924,0.15773118635436015,0.11179474459837792
SWE,2000,4.3794201707719305,1.295,3.954166667,6.342,26.046,0.17579488781744032,0.554501859255209,0.15656229567269356,0.11314095725465705
SWE,2001,1.061130508708219,2.681,4.032727273,5.967,26.903,0.17434301389671775,0.554588778815339,0.1554888553270695,0.11557935196087377
SWE,2002,1.9155050255679875,1.936,4.065833333,6.083,25.956,0.17283079701601553,0.5547130650803893,0.15451895964911777,0.11793717825447744
SWE,2003,1.484996970125163,2.318,3.026666667,6.692,27.046,0.1711105549621357,0.5548279715499287,0.15384028743426167,0.1202211860536739
SWE,2004,3.766553492630442,1.019,2.114166667,7.517,27.097,0.1689736111236969,0.5548063203702859,0.15375897763444707,0.12246109087157013
SWE,2005,2.380082003899253,0.835,1.716666667,7.908,27.228,0.16629553320319715,0.5551793924330636,0.15384970193871475,0.12467537242502454
SWE,2006,3.923608977062676,1.5,2.331666667,7.167,30.535,0.16298790292251977,0.5544354610911608,0.15394286273089414,0.12863377325542533
SWE,2007,2.441756372533521,1.679,3.5525,6.242,32.148,0.16024097221831282,0.5528154298387089,0.1546389103212852,0.132304687621693
SWE,2008,-1.7089744605132684,3.347,3.905,6.275,31.715,0.15810958904109587,0.5496499636655495,0.15637732513367825,0.1358631221596763
SWE,2009,-5.120029362536405,1.938,0.398333333,8.417,26.386,0.15669110008452755,0.5450900982283621,0.15896023547276297,0.13925856621434732
SWE,2010,4.909624879677765,1.9,0.504166667,8.7,28.298,0.15607707294935763,0.5393335865438176,0.16200233690102783,0.1425870036057969
SWE,2011,2.4319123478065308,1.36,1.6575,7.875,28.703,0.15613113155222016,0.5318372689329396,0.16490095149259854,0.14713064802224174
SWE,2012,-1.1756097369423624,0.937,1.253333333,8.067,27.489,0.1568317261650615,0.5239154128744234,0.1676336323393074,0.15161922862120766
SWE,2013,0.2047309750833115,0.442,0.925833333,8.108,26.233,0.1581204651366266,0.516057952507234,0.1699567736250367,0.15586480873110278
SWE,2014,1.2201624534552424,0.209,0.420833333,8.042,26.151,0.1595769207306996,0.5088021693749563,0.1718239701226229,0.15979693977172124
SWE,2015,3.3114414194755915,0.703,-0.289166667,7.517,26.388,0.1609304022871006,0.502512250265486,0.1730260422451943,0.16353130520221912
SWE,2016,0.8737874879000795,1.14,-0.655,7.058,26.203,0.16183495779621254,0.4953139284591384,0.17327016873453133,0.1695809450101176
SWE,2017,0.5665766788111259,1.867,-0.695,6.783,27.139,0.16247173417530159,0.4891569743727332,0.17307792516331627,0.17529336628864892
SWE,2018,0.8078126835674881,2.035,-0.685833333,6.433,27.533,0.1624410410416608,0.48321851971585017,0.17318266806985413,0.18115777117263496
SWE,2019,1.5824643910607783,1.722,-0.419633333,6.908,29.784,0.16172518575267836,0.47759704254982804,0.17353822431383994,0.1871395473836538
SWE,2020,-2.4935289326594834,0.661,-0.136838,8.483,30.25,0.16041083530972278,0.47200212214267834,0.1740416807095714,0.19354536183802745
SWE,2021,5.1973146968915085,2.652,-0.194335833,8.892,31.945,0.15965461841567574,0.4723914535833193,0.17556887602657473,0.19238505197443026
SWE,2022,0.7916984816937367,8.057,0.743717833,7.483,31.626,0.15815567306021794,0.4735662186152482,0.17719930453276128,0.19107880379177253
SWE,2023,-0.3995808683102009,5.909,3.567463333,7.667,31.836,0.1558674060753861,0.47491165706012817,0.1793039450148007,0.189916991849685
SWE,2024,0.6304778364534691,2.004,3.467893333,8.35,32.06,0.1558674060753861,0.47491165706012817,0.1793039450148007,0.189916991849685
TUR,1990,7.372151828451501,60.317,41.33333333,7.998,21.818,0.35373888295726047,0.5788141086163857,0.04667269861432866,0.020774309812025226
TUR,1991,-0.764903778614523,65.967,47.75,7.66,21.84,0.34913059423244774,0.5833275201604283,0.04694574954212986,0.02059613606499399
TUR,1992,4.252865190233379,70.073,48.0,7.944,22.032,0.344441211039105,0.5878413610732899,0.04728841599605312,0.020429011891552037
TUR,1993,6.313010324073853,66.097,48.0,8.368,21.892,0.3396015947140406,0.5924697869039405,0.04767107474585192,0.02025754363616693
TUR,1994,-6.940757050436119,104.54,63.25,8.013,20.541,0.3346693815689987,0.5971589671294616,0.04808838342504371,0.02008326787649608
TUR,1995,5.541533238295004,89.566,52.41666667,7.109,20.594,0.32926412632368446,0.6020146825449335,0.04879193402682799,0.019929257104554024
TUR,1996,5.39324282896525,80.236,50.0,6.124,20.45,0.32335104732183795,0.6070504117571957,0.049758209831624794,0.01984033108934157
TUR,1997,5.937051890394463,85.653,58.5,6.318,20.76,0.31737978443213005,0.611993301954915,0.050865093621834806,0.019761819991120227
TUR,1998,1.6367208274373324,84.721,67.0,6.373,25.623,0.3115462292935353,0.61668651911167,0.05207541587089657,0.01969183572389804
TUR,1999,-4.63718437441557,64.87,66.41666667,7.155,21.741,0.30591601604674334,0.6211078931734846,0.0533450757716648,0.019631015008107246
TUR,2000,5.427461118408927,55.035,60.0,5.997,21.292,0.3005685976812125,0.6252063716327654,0.05464621257419352,0.01957881811182859
TUR,2001,-7.047342922705036,54.246,60.0,7.804,21.366,0.2953128266277936,0.628965351233075,0.05625485092277276,0.01946697121635873
TUR,2002,5.097828196729215,45.134,56.66666667,9.764,22.322,0.2904019879074487,0.6323531852261238,0.05788249544318811,0.019362331423239364
TUR,2003,4.509157884771731,25.337,50.33333333,9.925,20.683,0.2858208192966685,0.6353888426212102,0.05952428059496846,0.01926605748715282
TUR,2004,8.490055882949733,8.599,40.08333333,9.688,22.312,0.2815279157522157,0.6381172014474968,0.06117674005644077,0.019178142743846615
TUR,2005,7.660864961213032,8.179,28.91666667,9.2,23.648,0.27751475663918324,0.6405563909816732,0.06283010046371781,0.019098751915425854
TUR,2006,5.62068510284357,9.597,23.33333333,8.7,24.627,0.27368850661527505,0.6428033170139298,0.06446285488232163,0.019045321488473693
TUR,2007,3.751387683230401,8.756,26.83333333,8.9,23.924,0.2699779716312173,0.6449723610769811,0.06605386137720472,0.01899580591459695
TUR,2008,-0.4534617412475961,10.444,25.0,9.8,24.629,0.266126375956817,0.6478357467315018,0.06711881138428699,0.01891906592739419
TUR,2009,-6.127162495131588,6.251,19.66666667,12.9,21.904,0.2619793999981894,0.6514664599862267,0.06773369344540682,0.01882044657017703
TUR,2010,6.791994375879629,8.566,14.91666667,11.0,21.771,0.2577588046175558,0.6550414102085397,0.06847027576633949,0.018729509407565043
TUR,2011,9.579091525585516,6.472,14.25,9.0,23.016,0.25205073952300583,0.6524058985596253,0.06902266911538328,0.0265206928019856
TUR,2012,3.461489548610764,8.892,16.20833333,8.3,23.351,0.24654775004683188,0.6497807747452187,0.06959137314138106,0.03408010206656835
TUR,2013,7.101040428634797,7.493,11.22916667,8.9,23.898,0.24091250254194757,0.6473978447268669,0.07036645182309587,0.04132320090808963
TUR,2014,3.533847304126469,8.855,10.14583333,9.9,24.893,0.2351336433110222,0.6456233965605224,0.07116643139537604,0.048076528733079285
TUR,2015,4.679390739177469,7.671,9.0,10.3,25.218,0.22960568286944374,0.6440752360711457,0.07200127762280674,0.05431780343660388
TUR,2016,1.9415861594521244,7.775,8.979166667,10.9,24.982,0.2259347818151645,0.6432094863072608,0.07344767182532018,0.05740806005225451
TUR,2017,6.11661120932776,11.144,8.75,10.9,26.057,0.22300739584636992,0.6411278104231852,0.07533810437965528,0.06052668935078958
TUR,2018,1.62881305374607,16.332,14.4375,10.9,28.019,0.22042276752413256,0.6383530469119714,0.07760979961984325,0.06361438594405275
TUR,2019,-0.612347545536529,15.177,17.8125,13.7,26.39,0.21820646889245057,0.6337676371961035,0.0811149664437896,0.06691092746765634
TUR,2020,0.8752911394364071,12.279,11.125,13.1,27.067,0.2156519598642106,0.6285281199289713,0.08551520328764825,0.07030471691916984
TUR,2021,10.430248658294785,19.596,15.75,12.0,30.604,0.21309699597407328,0.6273260514981889,0.08975443943663386,0.06982251309110403
TUR,2022,4.49895510941829,72.309,14.33333333,10.4,30.024,0.209984427420318,0.6273740330098256,0.09311755383716387,0.06952398573269247
TUR,2023,4.684942132718795,53.859,20.20833333,9.4,26.558,0.20651299912605636,0.6281893945573349,0.09594253334272408,0.06935507297388453
TUR,2024,2.951154724414762,58.506,48.66666667,8.7,24.624,0.20651299912605636,0.6281893945573349,0.09594253334272408,0.06935507297388453
TWN,1990,,,10.68,,,,,,
TWN,1991,,,6.28,,,,,,
TWN,1992,,,5.556,,,,,,
TWN,1993,,,7.726,,,,,,
TWN,1994,,,6.721,,,,,,
TWN,1995,,,6.145,,,,,,
TWN,1996,,,5.705,,,,,,
TWN,1997,,,5.653,,,,,,
TWN,1998,,,7.312,,,,,,
TWN,1999,,,4.848,,,,,,
TWN,2000,,,4.614,,,,,,
TWN,2001,,,4.655,,,,,,
TWN,2002,,,2.299,,,,,,
TWN,2003,,,1.302,,,,,,
TWN,2004,,,1.008,,,,,,
TWN,2005,,,1.202,,,,,,
TWN,2006,,,1.446,,,,,,
TWN,2007,,,1.689,,,,,,
TWN,2008,,,2.088,,,,,,
TWN,2009,,,0.233,,,,,,
TWN,2010,,,0.108,,,,,,
TWN,2011,,,0.257,,,,,,
TWN,2012,,,0.403,,,,,,
TWN,2013,,,0.387,,,,,,
TWN,2014,,,0.388,,,,,,
TWN,2015,,,0.387,,,,,,
TWN,2016,,,0.233,,,,,,
TWN,2017,,,0.173,,,,,,
TWN,2018,,,0.18,,,,,,
TWN,2019,,,0.179,,,,,,
TWN,2020,,,0.18,,,,,,
TWN,2021,,,0.079,,,,,,
TWN,2022,,,0.085,,,,,,
TWN,2023,,,0.56,,,,,,
TWN,2024,,,0.687,,,,,,
USA,1990,0.7609886505560715,5.419,8.1475,5.617,18.674,0.20879667997649648,0.5882654972757656,0.11117196574397926,0.09176585700375865
USA,1991,-1.4270767794263728,4.216,5.835,6.85,18.733,0.21006423902842436,0.5834356359917643,0.11178769595665188,0.09471242902315952
USA,1992,2.15758918661706,3.042,3.681666667,7.492,17.607,0.21113339554131563,0.5790106053376779,0.11228107828986608,0.09757492083114044
USA,1993,1.4211883178177676,2.97,3.174166667,6.908,16.97,0.2115646385967052,0.5754099621155709,0.11261524898195388,0.10041015030576994
USA,1994,2.77352100578494,2.596,4.629166667,6.1,17.782,0.21140891032184939,0.5725867964647945,0.11275137968834033,0.10325291352501581
USA,1995,1.4769361386857138,2.805,5.916666667,5.592,18.681,0.2105916656472535,0.5704797365964441,0.1128494093739649,0.10607918838233749
USA,1996,2.570686495176444,2.937,5.39,5.408,19.57,0.209110115407811,0.5687845197739578,0.11236757916327587,0.10973778565495529
USA,1997,3.2061835024991714,2.338,5.615833333,4.942,20.773,0.2074125682249583,0.5675218515730428,0.11172050296010397,0.11334507724189498
USA,1998,3.2717212940124973,1.547,5.466666667,4.5,21.315,0.20570154826084117,0.5665391473449255,0.11089369883218878,0.11686560556204445
USA,1999,3.5976960230274635,2.193,5.33,4.217,20.851,0.20409980922823087,0.5655927519526088,0.10999467174553465,0.12031276707362568
USA,2000,2.9342360125949707,3.367,6.455833333,3.967,20.741,0.20248826603032954,0.5646730588955884,0.10915833494918817,0.12368034012489383
USA,2001,-0.0779817047498743,2.817,3.686666667,4.742,19.581,0.2008956803988619,0.5650882213992966,0.10842532009199808,0.12559077810984343
USA,2002,0.7105943877497856,1.596,1.725833333,5.783,18.303,0.1991790712038077,0.5654922773948052,0.10786872358045531,0.12745992782093185
USA,2003,1.836062150824702,2.298,1.150833333,5.992,17.351,0.19732234731855086,0.5658988751364638,0.10749436960797985,0.12928440793700555
USA,2004,2.9079498811462656,2.668,1.563333333,5.542,17.662,0.19528583024817453,0.5663565372955598,0.10730829342027154,0.13104933903599406
USA,2005,2.530611176816966,3.366,3.511666667,5.083,18.052,0.193013749460216,0.5669815323071911,0.10724827314305203,0.13275644508954093
USA,2006,1.8166821790399408,3.222,5.153333333,4.608,19.126,0.19128772344666398,0.5667801702525838,0.10721736463683633,0.13471474166391598
USA,2007,0.999305971578579,2.871,5.268333333,4.617,17.354,0.1900337377830672,0.5654466942916554,0.10793112422818238,0.136588443697095
USA,2008,-0.8111525172702638,3.815,2.965,5.8,14.975,0.18907284563491106,0.5633476282483969,0.10916113422278542,0.1384183918939066
USA,2009,-3.418250842243886,-0.32,0.555833333,9.283,13.798,0.18818202787216645,0.5610965852601981,0.11047695947452603,0.14024442739310944
USA,2010,1.911673766158284,1.637,0.311666667,9.608,15.288,0.18725237595920743,0.5590119297136118,0.11169478033679311,0.1420409139903876
USA,2011,0.8456839652810855,3.14,0.303333333,8.933,16.238,0.186891176907366,0.5569535154092606,0.11294625774881616,0.14320904993455724
USA,2012,1.5656191716542978,2.073,0.2825,8.075,18.288,0.1866049122512609,0.5539243032774688,0.11510143763789275,0.14436934683337763
USA,2013,1.4189331100944669,1.466,0.166666667,7.358,18.475,0.18625777773373747,0.5508110403749347,0.11741659954640891,0.14551458234491893
USA,2014,1.7874462590991014,1.615,0.124166667,6.158,19.571,0.18584225968298623,0.5479422435534537,0.11958109440269692,0.1466344023608632
USA,2015,2.2056391154803734,0.121,0.226666667,5.275,19.611,0.18529776987930205,0.545273108466978,0.12169847873737548,0.14773064291634458
USA,2016,1.0965998678166722,1.267,0.644166667,4.875,18.472,0.18404772328625466,0.5433747822633139,0.1247260041022035,0.14785149034822806
USA,2017,1.8090450462425745,2.131,1.1525,4.358,18.882,0.18275901997094054,0.5413075517081963,0.1279509747514544,0.14798245356940878
USA,2018,2.4177309669460856,2.439,2.188333333,3.892,19.126,0.18122504697883077,0.5391423847854196,0.13144486624975835,0.14818770198599115
USA,2019,2.107859506046084,1.813,2.2075,3.675,19.329,0.17943338632783626,0.5369030865210479,0.13522208623029475,0.14844144092082118
USA,2020,-2.9779745766047805,1.253,0.533636364,8.1,18.232,0.1772450238238246,0.5344803388116356,0.13910715849678693,0.14916747886775297
USA,2021,5.6893464801327065,4.679,0.114166667,5.358,17.613,0.17479187330935608,0.5331868787561962,0.14317181970075205,0.14884942823369565
USA,2022,1.9544777252049617,7.993,2.2275,3.642,18.315,0.1721757575117061,0.531856035711087,0.1477169953178211,0.14825121145938583
USA,2023,2.050503330297171,4.128,5.1775,3.633,17.355,0.16934146324385566,0.5302855761938412,0.15296050902456196,0.1474124515377412
USA,2024,1.862833952188892,2.952,5.050833333,4.033,17.316,0.16934146324385566,0.5302855761938412,0.15296050902456196,0.1474124515377412
