Country.ID,Year,gdp_p,cpi,interestrate,unem,savingrate,r_young,r_mid,r_old,r_imm,rr,inv,popgrowth,logoil
AUS,1990,1.494,7.233,14.54333333,6.942,22.988,27.778747047377077,38.55423980126936,10.57262929793701,23.09438385341654,7.31033333,26.394,1.5230925745739476,3.2
AUS,1991,-0.982,3.307,10.22583333,9.608,18.349,27.43130118564639,38.911806573920046,10.63613453259393,23.020757707839635,6.91883333,22.759,1.3248309704759542,3.1
AUS,1992,2.591,0.969,6.465833333,10.742,19.263,27.088821863063,39.25412075822903,10.667750433301041,22.989306945406938,5.496833333,22.723,1.130028379504222,3.0
AUS,1993,3.921,1.752,5.151666667,10.883,21.103,26.804648514005407,39.52262187628206,10.685065788571643,22.987663821140895,3.399666667,23.918,0.9893421035274574,2.9
AUS,1994,4.875,1.927,5.656666667,9.717,21.604,26.578115236466726,39.735939233968935,10.701048840326743,22.984896689237594,3.7296666669999996,25.881,0.9847281860186463,2.8
AUS,1995,2.951,4.626,7.725833333,8.483,20.589,26.397687537808416,39.93398136189118,10.715852909017567,22.952478191282847,3.0998333329999994,25.193,1.1058065951187857,2.9
AUS,1996,3.973,2.653,7.151666667,8.525,21.425,26.208655604392327,40.138956966442656,10.708692000940164,22.943695428224842,4.498666667,24.783,1.1603150191476175,3.1
AUS,1997,4.713,0.225,5.395833333,8.367,21.759,26.017607486660637,40.291536098860234,10.74290678218554,22.94794963229359,5.170833333,24.756,1.0904214529037448,3.0
AUS,1998,4.671,0.859,5.001666667,7.692,21.535,25.850265513054225,40.387056439791074,10.807128030009224,22.955550017145484,4.142666667,26.29,1.0635256989191433,2.7
AUS,1999,4.437,1.408,5.011666667,6.867,20.557,25.723828067304773,40.439800018836614,10.88729544466491,22.949076469193702,3.603666667,26.295,1.1136089803946758,3.0
AUS,2000,3.099,4.457,6.1775,6.292,21.209,25.616322638095205,40.47746629277525,10.980526247759634,22.92568482136991,1.7205000000000004,24.947,1.1765744238452447,3.4
AUS,2001,2.601,4.407,4.899166667,6.775,21.139,25.428731699415135,40.36863260429033,11.044847280202823,23.157788416091705,0.4921666670000002,23.457,1.2176263066072446,3.3
AUS,2002,4.159,3.049,4.746666667,6.358,21.466,25.187420692301828,40.321173053511906,11.103404352715222,23.388001901471036,1.6976666670000005,25.218,1.1872804496547928,3.3
AUS,2003,3.016,2.731,4.895833333,5.942,21.464,24.92017628436746,40.28701193567159,11.17299923668434,23.61981254327661,2.164833333,26.75,1.1436358259393709,3.4
AUS,2004,4.113,2.342,5.478333333,5.383,21.008,24.65770012655963,40.210230353888576,11.289344862492669,23.842724657059122,3.136333333,27.215,1.14646192709289,3.7
AUS,2005,3.029,2.659,5.644166667,5.033,21.703,24.409785611759645,40.113136619841136,11.440849215723086,24.03622855267612,2.9851666670000006,27.832,1.2361799414436714,4.0
AUS,2006,2.62,3.554,5.988333333,4.792,21.151,24.126692623384034,39.64982350285332,11.556742787878107,24.666741085884528,2.434333333,27.086,1.458866421378402,4.2
AUS,2007,4.339,2.356,6.6675,4.375,21.25,23.89387440154103,39.17771599803259,11.730968577060965,25.197441023365403,4.3115000000000006,28.195,1.7677470104685566,4.3
AUS,2008,2.594,4.348,6.973333333,4.25,24.009,23.6674834668217,38.80708292146471,11.878035085463369,25.647398526250225,2.6253333330000004,28.335,1.985440058515242,4.6
AUS,2009,1.965,1.77,3.434166667,5.575,22.158,23.40351845757228,38.5123319269315,11.999647339846636,26.08450227564959,1.664166667,26.932,1.9298602843810242,4.1
AUS,2010,2.419,2.863,4.683333333,5.208,23.039,23.10860780692688,38.16354031276132,12.158023226932697,26.56982865337911,1.8203333330000002,26.309,1.6460970432416122,4.4
AUS,2011,2.785,3.356,4.848333333,5.083,23.829,22.87546116453568,37.88071989154695,12.320373313344996,26.923445630572367,1.4923333330000004,26.841,1.5274180630420853,4.6
AUS,2012,3.789,1.686,3.728333333,5.233,23.776,22.715646819685286,37.60814372288826,12.451000855743436,27.225208601683025,2.042333333,28.449,1.658686530447917,4.5
AUS,2013,2.219,2.45,2.7775,5.658,23.806,22.593406717312916,37.31787465634815,12.584175674835599,27.504542951503343,0.3274999999999997,27.087,1.6786963469084704,4.6
AUS,2014,2.575,2.513,2.6775,6.058,23.228,22.462019137847335,37.00103500226663,12.733542424571898,27.803403435314138,0.1645000000000003,26.448,1.5464185614468606,4.5
AUS,2015,2.34,1.485,2.255833333,6.058,21.586,22.332253438094753,36.678709146591856,12.887611667979652,28.101425747333742,0.7708333329999999,25.915,1.49350511337909,3.9
AUS,2016,2.694,1.277,1.986666667,5.717,20.762,22.142154922307114,36.308397180875275,13.103222968320996,28.446224928496605,0.709666667,24.739,1.594959779943217,3.8
AUS,2017,2.38,1.995,1.74,5.6,21.806,21.934417351701587,35.98726232220293,13.320199230614596,28.75812109548089,-0.2550000000000001,24.371,1.648483805750156,3.9
AUS,2018,2.791,1.933,1.948333333,5.283,21.697,21.696686690853124,35.66514066018808,13.563755355332486,29.074417293626315,0.015333332999999838,24.296,1.5715757346785209,4.2
AUS,2019,1.936,1.566,1.344166667,5.175,22.843,21.42851777875779,35.28018404946977,13.880639636735708,29.410658535036728,-0.22183333299999997,22.699,1.445114473973419,4.0
AUS,2020,-1.955,0.869,0.256666667,6.475,24.282,21.147419585561426,34.71023362487677,14.28714791850198,29.855198871059823,-0.612333333,22.478,1.0245258805636093,3.7
AUS,2021,5.412,2.842,0.028333333,5.125,25.902,21.019603340869363,34.52848799338352,14.841273839118973,29.610634826628136,-2.813666667,23.49,0.8259331347119536,4.2
AUS,2022,4.142,6.615,1.636666667,3.708,24.453,20.93612932750676,34.45655639390191,15.273073040442437,29.334241238148902,-4.978333333,23.928,0.9422217068283834,4.6
AUS,2023,2.056,5.616,3.979166667,3.7,23.602,20.870381538417796,34.41242232277161,15.660359083417399,29.056837055393185,-1.6368333329999998,23.981,0.9546950420889821,4.4
AUS,2024,1.038,3.198,4.390833333,4.025,22.744,20.81527282106359,34.336813946510716,16.076150353355207,28.771762879070483,1.1928333329999998,24.667,0.9908123375021782,4.3
AUT,1990,4.346,2.777,8.964166667,2.723,25.873,22.767005079480125,48.78683196033868,18.117025122777815,10.329137837403378,6.1871666670000005,26.896,0.7770976522053052,3.2
AUT,1991,3.442,3.116,9.463333333,3.151,25.402,22.56008400003094,48.94222226232864,18.00968140319757,10.48801233444285,6.347333333,27.165,1.0093657574012704,3.1
AUT,1992,2.094,3.426,9.46,3.29,24.36,22.448103411166958,49.06659074054995,17.852496687370394,10.632809160912705,6.034000000000001,26.482,1.103138527859504,3.0
AUT,1993,0.527,3.234,7.023333333,3.958,23.053,22.372202424901793,49.10678229282584,17.718209261073877,10.802806021198496,3.789333333,25.545,0.8260344125858632,2.9
AUT,1994,2.402,2.711,5.1175,3.85,22.981,22.283606203204652,49.06532185375569,17.6338746219997,11.017197321039964,2.4065,26.377,0.3877270622537843,2.8
AUT,1995,2.668,1.611,4.568333333,4.242,24.111,22.20341026460376,48.97190006718596,17.568629142859194,11.256060525351081,2.9573333330000002,26.96,0.15326609268777602,2.9
AUT,1996,2.398,1.771,3.373333333,4.717,23.638,22.10402460672075,48.905324884471504,17.49418487034373,11.496465638464024,1.6023333330000002,26.492,0.13323989476399234,3.1
AUT,1997,2.146,1.167,3.4975,4.758,23.825,22.005391977355522,48.81443689295477,17.441430017691154,11.738741111998559,2.3305,26.383,0.11165802622301602,3.0
AUT,1998,3.493,0.817,3.600833333,4.708,24.388,21.887266417333002,48.68105025960192,17.450865708449825,11.98081761461524,2.7838333330000005,26.25,0.10868523922828999,2.7
AUT,1999,3.762,0.516,2.963488346,4.142,24.004,21.742780503991018,48.32996440720211,17.715229470498887,12.212025618307978,2.447488346,26.273,0.19335798343678157,3.0
AUT,2000,3.19,1.956,4.39176543,3.883,25.23,21.53278427061868,47.81435699908947,18.216119001693258,12.436739728598585,2.4357654300000005,25.94,0.2381255439699803,3.4
AUT,2001,1.317,2.302,4.261780438,4.008,24.626,21.27455902325629,47.32227898161363,18.686911874283663,12.71625012084642,1.9597804379999997,25.426,0.3657152541493014,3.3
AUT,2002,1.484,1.681,3.318601627,4.392,25.896,21.022351104259638,47.03451955553805,18.965636477215973,12.97749286298635,1.637601627,23.778,0.48996345231253624,3.3
AUT,2003,1.142,1.302,2.333474191,4.792,26.013,20.83011084379119,46.83094284319237,19.1052903983231,13.233655914693346,1.031474191,24.456,0.5068960970961767,3.4
AUT,2004,2.565,1.964,2.10632298,5.867,26.295,20.64472818285357,46.63431207057058,19.250086652080483,13.470873094495358,0.14232297999999988,24.204,0.626511061356938,3.7
AUT,2005,2.32,2.102,2.184689332,6.025,26.239,20.451071546466004,46.577886112807136,19.27392252799162,13.69711981273524,0.08268933200000017,23.965,0.6816365247114042,4.0
AUT,2006,3.269,1.686,3.079211845,5.592,27.147,20.240774418210815,46.492020428062084,19.280196727928406,13.987008425798694,1.3932118450000002,23.829,0.4945070936078988,4.2
AUT,2007,3.775,2.2,4.277596427,5.2,28.56,20.020110999798476,46.188200196891586,19.494163639852317,14.297525163457617,2.0775964269999996,24.734,0.32713218910727093,4.3
AUT,2008,1.453,3.23,4.634232681,4.433,29.224,19.793163790237053,45.81476652306294,19.78472478156827,14.60734490513174,1.4042326810000003,24.705,0.3169899018338196,4.6
AUT,2009,-3.586,0.406,1.22834975,5.683,25.627,19.55712630416142,45.48106422891468,20.038576090265554,14.923233376658338,0.82234975,23.015,0.262073029744081,4.1
AUT,2010,1.809,1.691,0.810953933,5.2,25.732,19.314164106871992,45.18560257230898,20.259503437589412,15.240729883229609,-0.8800460670000001,22.859,0.2399741499931718,4.4
AUT,2011,2.927,3.542,1.390599744,4.883,25.993,19.02149817651523,44.88896461093232,20.40381043383568,15.685726778716761,-2.1514002559999996,24.352,0.3368582399845943,4.6
AUT,2012,0.628,2.569,0.573181087,5.233,25.748,18.731138961627806,44.65146061821473,20.50907413669124,16.108326283466212,-1.995818913,24.256,0.4566873221044876,4.5
AUT,2013,-0.251,2.118,0.220661223,5.35,25.69,18.45359728955333,44.44324770897374,20.598413718290708,16.504741283182213,-1.8973387769999999,23.941,0.5907003901157282,4.6
AUT,2014,0.756,1.465,0.209945672,6.042,26.246,18.20577357904517,44.249932804484885,20.680590103848143,16.863703512621786,-1.2550543280000002,23.849,0.7830187127571442,4.5
AUT,2015,1.303,0.81,-0.019375701,6.158,25.589,18.09429701174977,44.03046677776828,20.71748060816712,17.15775560231482,-0.829375701,24.012,1.1256791572819447,3.9
AUT,2016,2.117,0.973,-0.263695659,6.475,27.031,17.997247741752595,43.62775538399289,20.817777420713213,17.557219453541293,-1.236695659,24.457,1.0860317200114045,3.8
AUT,2017,2.272,2.228,-0.329056116,5.925,26.242,17.850804841922642,43.08965989877571,21.043998441828993,18.015536817472654,-2.557056116,24.978,0.6965276787123997,3.9
AUT,2018,2.484,2.122,-0.322092958,5.225,26.744,17.68618200866456,42.498679403805895,21.31000767334108,18.505130914188474,-2.4440929579999997,25.898,0.48726087232005,4.2
AUT,2019,1.755,1.493,-0.35631935,4.8,27.885,17.538502958491932,41.8406877880065,21.623009937307984,18.997799316193582,-1.84931935,25.509,0.44364454351595306,4.0
AUT,2020,-6.318,1.392,-0.425159625,5.475,29.02,17.398162060796476,41.12099495539099,21.99755531780028,19.48328766601225,-1.817159625,25.653,0.45636263810009403,3.7
AUT,2021,4.795,2.76,-0.548756293,6.175,29.408,17.35743496207479,40.75251449569878,22.505952761644803,19.384097780581623,-3.3087562929999996,27.673,0.5117075169214003,4.2
AUT,2022,5.278,8.619,0.341555419,4.742,28.353,17.338770041116742,40.40469395655245,23.081191971870588,19.175344030460213,-8.277444581,29.215,1.0886571306871984,4.6
AUT,2023,-0.955,7.712,3.430800561,5.1,26.714,17.26973069940087,39.96572340686292,23.72729145585602,19.03725443788019,-4.281199439,25.375,0.7253650626492414,4.4
AUT,2024,-1.174,2.918,3.57091273,5.423,24.732,17.181116420213858,39.36788858624775,24.393669730976832,19.057325262561573,0.6529127299999997,22.311,-0.10531816193958266,4.3
BEL,1990,3.137,3.453,9.633333333,6.558,23.647,21.961720989365695,46.52712969261622,18.65513974143878,12.856009576579305,6.180333333,25.204,0.245507178380322,3.2
BEL,1991,1.833,3.167,9.3825,6.45,22.736,21.887082067826846,46.461375336897504,18.82954038924644,12.822002206029207,6.2155000000000005,23.637,0.3814187536793412,3.1
BEL,1992,1.531,2.26,9.370833333,7.092,23.056,21.840060115546635,46.40922390204168,18.973962438932084,12.776753543479598,7.110833333,23.377,0.4703088650910958,3.0
BEL,1993,-0.962,2.487,8.224166667,8.625,24.409,21.819405696449767,46.36576722070618,19.072696633853848,12.742130448990205,5.737166667,22.684,0.3876523033525592,2.9
BEL,1994,3.227,2.394,5.695,9.75,25.628,21.820858045203714,46.313302221909616,19.148181562376575,12.71765817051009,3.301,22.725,0.30813301093148837,2.8
BEL,1995,2.385,1.265,4.783333333,9.683,25.769,21.84655328631539,46.22073113408794,19.227089357928396,12.70562622166827,3.518333333,21.791,0.21015706248874721,2.9
BEL,1996,1.321,1.76,3.216666667,9.55,25.247,21.894727556285364,46.17151602158499,19.29144219641498,12.642314225714667,1.4566666670000001,21.631,0.19437688567873757,3.1
BEL,1997,3.793,1.499,3.436666667,9.217,26.212,21.934042098464428,46.14033993539632,19.352288629611618,12.573329336527635,1.9376666669999998,22.301,0.24115953090140252,3.0
BEL,1998,1.962,0.901,3.558333333,9.342,26.086,21.958248022932846,46.096405322202685,19.43726767969383,12.508078975170637,2.6573333330000004,22.349,0.21330429494224035,2.7
BEL,1999,3.543,1.134,2.963488346,8.425,28.876,21.969948902779464,46.07225911944163,19.516855003257906,12.440936974521012,1.8294883460000002,22.689,0.23032031724616875,3.0
BEL,2000,3.717,2.682,4.39176543,6.858,26.203,21.965408331111753,46.124985697517786,19.537356522814665,12.372249448555788,1.7097654300000005,23.783,0.24480570750147201,3.4
BEL,2001,1.1,2.438,4.261780438,6.567,24.126,21.85948494530162,46.339702680211715,19.50917781750751,12.291634556979147,1.8237804379999996,22.634,0.34421063320417833,3.3
BEL,2002,1.707,1.552,3.318601627,7.525,25.248,21.761611106503423,46.59171760150733,19.447723322222945,12.198947969766301,1.766601627,20.747,0.4468599192311018,3.3
BEL,2003,1.038,1.517,2.333474191,8.175,24.362,21.691255808933086,46.72342346857153,19.47510952886686,12.110211193628533,0.8164741910000002,20.964,0.41892105979566274,3.4
BEL,2004,3.571,1.857,2.10632298,8.383,25.765,21.652203008993503,46.72979799433698,19.597800349515204,12.020198647154306,0.24932297999999986,22.667,0.43399066715754664,3.7
BEL,2005,2.322,2.539,2.184689332,8.475,25.677,21.652340795211476,46.69800046961101,19.733000231751745,11.91665850342577,-0.3543106680000001,23.682,0.5526522047362148,4.0
BEL,2006,2.553,2.331,3.079211845,8.267,25.821,21.596758004795497,46.23962637138137,19.841914102484793,12.32170152133834,0.7482118450000002,23.97,0.663782422281467,4.2
BEL,2007,3.677,1.819,4.277596427,7.492,26.099,21.522157208242348,45.73476758842002,20.03060846356063,12.712466739777003,2.458596427,24.603,0.730439588593268,4.3
BEL,2008,0.447,4.49,4.634232681,6.967,24.931,21.442119684407814,45.27740556873285,20.191631750913828,13.088842995945502,0.14423268100000008,25.937,0.7925750265223241,4.6
BEL,2009,-1.906,-0.004,1.22834975,7.992,23.678,21.366056423808317,44.8951822564742,20.303081434269167,13.435679885448312,1.23234975,22.027,0.9638731963501179,4.1
BEL,2010,2.71,2.329,0.810953933,8.383,24.018,21.301383136873437,44.58241255495125,20.366021493558502,13.750182814616812,-1.5180460670000002,22.394,1.1439076835332962,4.4
BEL,2011,1.931,3.344,1.390599744,7.225,22.554,21.188895561918162,44.22588071718853,20.455370758594487,14.129852962298814,-1.953400256,24.48,0.9327008591452524,4.6
BEL,2012,0.216,2.62,0.573181087,7.642,23.507,21.04549549233231,43.81912322806949,20.589568254582165,14.545813025016031,-2.046818913,23.588,0.6240492763980976,4.5
BEL,2013,0.306,1.252,0.220661223,8.567,23.66,20.91697642603104,43.35951010530563,20.745253074386337,14.978260394276987,-1.031338777,22.709,0.4749755976087622,4.6
BEL,2014,1.766,0.495,0.209945672,8.667,24.026,20.81955508233231,42.83391639285899,20.935883909885344,15.410644614923358,-0.28505432799999997,23.258,0.44661081858548,4.5
BEL,2015,1.474,0.623,-0.019375701,8.667,24.709,20.75679883377296,42.3102126149783,21.11538243056115,15.817606120687595,-0.642375701,23.322,0.5817556441640059,3.9
BEL,2016,1.193,1.772,-0.263695659,7.842,24.735,20.702358630231164,41.871757750943814,21.296575339655362,16.12930827916965,-2.035695659,24.182,0.508774262971956,3.8
BEL,2017,1.475,2.225,-0.329056116,7.108,25.033,20.612468746650194,41.41187503573679,21.51829980898039,16.457356408632627,-2.554056116,24.332,0.38719809104634795,3.9
BEL,2018,1.878,2.308,-0.322092958,5.983,24.637,20.51890760070892,40.97675700577631,21.733411908102518,16.77092348541226,-2.6300929579999996,25.552,0.4572947029206187,4.2
BEL,2019,2.443,1.25,-0.35631935,5.367,24.8,20.42672291429408,40.550583093093856,21.955893930161103,17.066800062450948,-1.60631935,24.676,0.5426121560767827,4.0
BEL,2020,-4.793,0.424,-0.425159625,5.567,24.955,20.316133117309917,40.15996992055619,22.145557229235397,17.37833973289849,-0.849159625,24.069,0.43069049897925815,3.7
BEL,2021,6.202,3.217,-0.548756293,6.267,26.276,20.240598708296417,39.9672893337465,22.45993561316424,17.33217634479284,-3.765756293,24.443,0.2663450174248849,4.2
BEL,2022,4.234,10.331,0.341555419,5.55,25.623,20.15805947867258,39.73635995059191,22.879073031536308,17.226507539199197,-9.989444580999999,26.937,0.6134081754713749,4.6
BEL,2023,1.252,2.294,3.430800561,5.517,24.642,20.00810559782284,39.50113349451754,23.368782588554343,17.12197831910528,1.1368005609999998,25.33,0.6104973277374137,4.4
BEL,2024,0.996,4.322,3.57091273,5.7,23.234,19.82089084595665,39.22311749444479,23.871747650423313,17.084244009175244,-0.7510872700000002,24.087,0.220871991232241,4.3
CAN,1990,0.203,4.78,13.02129167,8.15,17.87,26.210063408073047,46.377542478586975,11.818997448401488,15.593396664938492,8.241291669999999,21.304,1.5471450940124587,3.2
CAN,1991,-2.091,5.626,9.110208333,10.317,15.609,26.066153872243667,46.269600544728284,11.896993508666489,15.767252074361554,3.484208332999999,19.341,1.3232183409220832,3.1
CAN,1992,0.89,1.49,6.677083333,11.217,14.768,25.96093176577403,46.130890007440165,11.95767819361921,15.950500033166598,5.1870833329999995,18.377,1.217814688858443,3.0
CAN,1993,2.658,1.865,5.102958333,11.375,14.636,25.859524019535197,46.0127533775962,11.99143674834517,16.136285854523436,3.237958333,18.475,1.1599186310470744,2.9
CAN,1994,4.494,0.166,5.487708333,10.392,17.138,25.729877313336015,45.94328893660655,12.001230024727953,16.325603725329497,5.321708332999999,19.516,1.0986385767334905,2.8
CAN,1995,2.682,2.149,7.130799183,9.467,18.555,25.573477955383716,45.90934053843373,12.003531061328133,16.513650444854424,4.981799183,19.38,1.069564344913787,2.9
CAN,1996,1.689,1.571,4.449063673,9.608,19.341,25.35268720471594,45.853399977367715,12.016371506556101,16.77754131136025,2.8780636730000007,18.928,1.0457674218943058,3.1
CAN,1997,4.28,1.621,3.557644557,9.092,19.877,25.097924624395635,45.81721887845636,12.039654628255702,17.045201868892303,1.9366445570000002,21.217,0.9805539186404255,3.0
CAN,1998,3.893,0.996,5.06840368,8.292,19.704,24.824354010642843,45.77645190180623,12.079494507899188,17.319699579651733,4.072403680000001,21.045,0.9011600451364288,2.7
CAN,1999,5.141,1.735,4.915108186,7.567,20.861,24.522057263404573,45.755958631355384,12.131844960443821,17.59013914479622,3.180108186,20.684,0.8885139169032108,3.0
CAN,2000,5.139,2.719,5.442333333,6.833,23.161,24.18300738224959,45.7737931321134,12.200556892066157,17.842642593570858,2.723333333,20.614,0.9554009874456648,3.4
CAN,2001,1.875,2.525,3.859166667,7.225,21.885,23.881971617671375,45.85731491139257,12.238657876346561,18.0220555945895,1.3341666670000003,19.671,1.0416161206259211,3.3
CAN,2002,2.999,2.258,2.514625,7.683,21.471,23.572835157371067,45.908951881410765,12.320536384659512,18.197676576558653,0.2566250000000001,19.739,1.031603971566608,3.3
CAN,2003,1.806,2.759,2.858416667,7.592,21.699,23.259642192877973,45.90695165376627,12.451486316861264,18.381919836494497,0.09941666700000029,20.467,0.9541746936456041,3.4
CAN,2004,3.092,1.857,2.219,7.15,23.729,22.95314761740599,45.870624071087754,12.610795038788785,18.565433272717467,0.3619999999999999,21.383,0.9303650447307632,3.7
CAN,2005,3.21,2.214,2.695166667,6.75,24.561,22.661805780135637,45.80707229890543,12.792057243344537,18.73906467761439,0.4811666670000001,22.632,0.956955734547793,4.0
CAN,2006,2.638,2.002,4.009458333,6.45,25.038,22.342599878366887,45.58671035967302,13.097580827060613,18.97310893489948,2.0074583330000006,23.595,0.9833424747765829,4.2
CAN,2007,2.05,2.138,4.142,6.158,24.732,22.053457567751334,45.26905041574561,13.482978292917409,19.194513723585654,2.0040000000000004,23.908,1.0165107657944317,4.3
CAN,2008,0.995,2.37,2.336875,6.308,24.221,21.786748426750687,44.93881282552273,13.87680918626025,19.397629561466328,-0.03312500000000007,24.072,1.0785436066049536,4.6
CAN,2009,-2.915,0.299,0.331541667,8.475,19.05,21.509338402120324,44.64952159144594,14.256485483714545,19.58465452271919,0.032541666999999996,21.959,1.1279396730882185,4.1
CAN,2010,3.091,1.777,0.561791667,8.158,19.918,21.21700159445746,44.36705422276818,14.644484499084035,19.77145968369032,-1.2152083329999999,23.482,1.095382077719509,4.4
CAN,2011,3.137,2.912,0.911666667,7.625,21.438,21.014642768749738,44.149343435742885,14.883410946506926,19.952602849000456,-2.000333333,24.151,1.048498594104963,4.6
CAN,2012,1.756,1.516,0.941583333,7.442,21.337,20.815053245304547,43.931451846138465,15.128374484816609,20.125120423740377,-0.574416667,24.868,1.0622448078201119,4.5
CAN,2013,2.326,0.938,0.966166667,7.208,21.766,20.635848326738977,43.66782176825675,15.404496289784225,20.291833615220053,0.028166667000000034,24.908,1.0621127641548211,4.6
CAN,2014,2.873,1.907,0.909708333,7.058,22.551,20.501306558503728,43.30431888959904,15.722025516256291,20.47234903564094,-0.997291667,24.871,0.9657065801123244,4.5
CAN,2015,0.65,1.125,0.527458333,7.0,20.326,20.42253270472574,42.85979981110184,16.060838990147275,20.65682849402515,-0.597541667,23.822,0.9203796228312466,3.9
CAN,2016,1.039,1.429,0.486541667,7.05,19.673,20.262760704015584,42.450753978801906,16.51043124149545,20.776054075687068,-0.942458333,22.761,1.087554794287815,3.8
CAN,2017,3.034,1.597,0.688083333,6.417,20.748,20.099739200159938,42.096177169311986,16.947694128175,20.856389502353075,-0.908916667,23.55,1.2520265330206337,3.9
CAN,2018,2.743,2.268,1.373583333,5.833,21.0,19.90865586423705,41.807724921876265,17.36645725077662,20.917161963110072,-0.8944166669999998,23.377,1.3217288024790719,4.2
CAN,2019,1.908,1.949,1.655625,5.683,21.089,19.685494783365755,41.55169789683753,17.787226929131197,20.97558039066553,-0.29337500000000016,23.042,1.3082971834968093,4.0
CAN,2020,-5.038,0.717,0.451458333,9.742,20.658,19.417903252502327,41.25546193637405,18.239598068757484,21.087036742366152,-0.265541667,22.675,1.0294793274990388,3.7
CAN,2021,5.951,3.395,0.113041667,7.483,24.286,19.191822854998108,41.03511626874637,18.84074936488496,20.932311511370568,-3.281958333,24.305,0.7391693502723617,4.2
CAN,2022,4.189,6.779,2.177791667,5.25,25.015,18.991867316822468,40.89440916895558,19.379406268096567,20.73431724612538,-4.601208333,25.319,0.954910947367682,4.6
CAN,2023,1.529,3.885,4.740916667,5.383,23.268,18.82016421010306,40.82917080209805,19.868460361482292,20.482204626316612,0.8559166669999998,23.895,1.2308861492616563,4.4
CAN,2024,1.528,2.398,4.366375,6.375,22.76,18.688010521752194,40.691397078638616,20.36686609248605,20.253726307123145,1.9683749999999995,23.268,1.1280804121121868,4.3
CHE,1990,3.713,5.404,8.8346,0.501,37.93,21.132071227718992,41.358058253526316,16.770318595990297,20.73955192276439,3.4306,34.974,0.9835526506296155,3.2
CHE,1991,-0.929,5.859,8.119991667,1.083,35.878,20.63453236510387,41.81364488518183,16.81321270556578,20.73861004414853,2.2609916670000008,31.697,1.2478376469666541,3.1
CHE,1992,-0.145,4.037,7.78,2.549,33.594,20.227627418882232,42.1472511365553,16.870353170496706,20.754768274065764,3.7430000000000003,28.903,1.1491637600288707,3.0
CHE,1993,-0.144,3.293,4.817433333,4.504,33.946,19.927634429338497,42.28295445471717,16.9737850646848,20.815626051259525,1.5244333330000002,27.529,0.9171641721031687,2.9
CHE,1994,1.301,0.851,4.044125,4.723,33.905,19.60868724385017,42.38434994914984,17.108967321850198,20.897995485149785,3.193125,28.31,0.7996634816475945,2.8
CHE,1995,0.593,1.798,2.951608333,4.233,32.938,19.302973413379988,42.42685954184215,17.26549797226112,21.004669072516744,1.1536083329999998,28.08,0.6704713424976694,2.9
CHE,1996,0.439,0.81,1.920358333,4.656,32.924,19.000259266148824,42.38765528306568,17.440718586498207,21.171366864287286,1.110358333,27.594,0.44607769856519486,3.1
CHE,1997,2.235,0.518,1.579625,5.199,34.514,18.652744946952478,42.335158772280934,17.632986971310082,21.37910930945651,1.061625,26.087,0.24433377614323515,3.0
CHE,1998,2.936,0.019,1.434916667,3.856,34.983,18.274337857620733,42.322674275919226,17.828832884617523,21.574154981842515,1.415916667,27.391,0.2980394369574757,2.7
CHE,1999,1.628,0.808,1.295275,2.723,35.66,17.900288922877987,42.3468177540666,18.023549713113756,21.729343609941658,0.4872749999999999,27.135,0.4757892468817415,3.0
CHE,2000,4.111,1.561,2.940906639,1.824,37.677,17.497422921318346,42.419567688308746,18.218385520670118,21.86462386970279,1.379906639,27.184,0.5582982147138704,3.4
CHE,2001,1.613,0.991,2.813803106,1.703,34.31,17.578818913813198,41.98755934930447,18.047726593241816,22.38589514364052,1.8228031059999998,27.681,0.589977194480551,3.3
CHE,2002,-0.054,0.641,1.049703189,2.546,32.958,17.63192646211878,41.58491730450494,17.91346098891678,22.869695244459493,0.4087031889999999,26.228,0.7245871919044466,3.3
CHE,2003,-0.109,0.636,0.215319272,3.691,36.727,17.81918925711197,41.01828239844101,17.823372828630248,23.339155515816774,-0.420680728,25.971,0.7514337622713363,3.4
CHE,2004,2.563,0.801,0.37747745,3.879,37.159,17.994479966636852,40.39456842584523,17.796562644713656,23.814388962804273,-0.42352255000000005,24.639,0.6920006376264887,3.7
CHE,2005,2.863,1.173,0.712353827,3.763,38.485,18.14994113826446,39.7530390591918,17.80369365632093,24.293326146222803,-0.460646173,27.181,0.6450060328177853,4.0
CHE,2006,4.151,1.064,1.411712857,3.332,40.358,18.279091460610665,39.035219453503366,17.82263148977958,24.86305759610639,0.3477128569999999,27.888,0.6281904184209042,4.2
CHE,2007,3.919,0.735,2.34283764,2.766,35.124,18.398911864092746,38.4278447967041,17.815544370787904,25.35769896841525,1.60783764,26.746,0.8941889352543253,4.3
CHE,2008,2.678,2.428,1.841202637,2.577,28.596,18.500723920034837,38.00896472630275,17.746343497177598,25.74396785648481,-0.5867973629999998,27.364,1.276900397740044,4.6
CHE,2009,-2.305,-0.48,0.093643937,3.701,34.008,18.595780757581927,37.613157491717445,17.668992309675623,26.122069441025015,0.5736439369999999,28.36,1.255174222374822,4.1
CHE,2010,3.214,0.688,0.150082827,3.516,39.014,18.722031047872896,37.19691017612553,17.56371447171189,26.517344304289676,-0.537917173,26.029,1.1386991778506106,4.4
CHE,2011,1.902,0.228,0.057504212,2.843,34.712,18.51870865551358,37.11755001644793,17.680829109424543,26.682912218613946,-0.170495788,28.481,1.1323893603344626,4.6
CHE,2012,1.207,-0.693,-0.061721096,2.905,35.454,18.29448364102358,37.0246882503546,17.82237904048749,26.85844906813432,0.631278904,26.577,1.0683728960663608,4.5
CHE,2013,1.849,-0.216,-0.047170994,3.158,34.763,18.120072889046646,36.925309737663206,17.950095671817365,27.00452170147279,0.168829006,25.131,1.153598548505208,4.6
CHE,2014,2.287,-0.012,0.001120527,3.044,32.472,17.992652348030774,36.80335199152698,18.079095527839222,27.124900132603024,0.013120527,25.534,1.22396524026962,4.5
CHE,2015,1.574,-1.142,-0.724724753,3.178,33.985,17.88913938715591,36.62932370055096,18.221590128554862,27.259946783738258,0.41727524699999985,25.108,1.1440269330472708,3.9
CHE,2016,2.1,-0.434,-0.768297617,3.323,32.868,17.82008288814399,36.33031005381437,18.32920293624963,27.520404121792,-0.334297617,25.593,1.0981135291517452,3.8
CHE,2017,1.433,0.535,-0.847818483,3.088,31.31,17.762126509470257,35.94110126445119,18.481292292492643,27.815479933585905,-1.3828184829999999,25.997,0.9400349926524498,3.9
CHE,2018,2.86,0.935,-0.806276469,2.547,31.258,17.697445189071438,35.482800161501224,18.66180730476556,28.15794734466179,-1.7412764690000002,25.66,0.7418885713920798,4.2
CHE,2019,1.156,0.363,-0.773305397,2.306,29.888,17.62936134017229,35.00181404330668,18.868310948474168,28.50051366804686,-1.136305397,26.382,0.7183774681731148,4.0
CHE,2020,-2.29,-0.724,-0.697590669,3.17,30.13,17.559205940016884,34.542860338739935,19.065973742623683,28.831959978619494,0.02640933099999998,29.637,0.7351480450535464,3.7
CHE,2021,5.573,0.583,-0.735514985,2.993,33.463,17.57283071534147,34.40875059083049,19.4064711092143,28.611947584613734,-1.318514985,26.414,0.7689528766090525,4.2
CHE,2022,3.126,2.834,-0.177431261,2.166,33.554,17.578480518260427,34.16631957800691,19.920379264214503,28.334820639518156,-3.0114312610000002,24.831,0.978043759730296,4.6
CHE,2023,0.743,2.135,1.521064402,2.035,31.184,17.545017727740106,33.772119936946495,20.59840409191708,28.08445824339633,-0.6139355979999999,25.935,0.8914624378794533,4.4
CHE,2024,1.269,1.06,1.241340192,2.448,31.914,17.549824416797122,33.253326811612794,21.274249519249146,27.92259925234093,0.18134019199999996,26.847,0.5796702147699451,4.3
CHL,1990,3.671,26.036,,7.75,21.431,38.871683306075624,51.00137856347195,9.326911398645073,0.8000267318073381,,28.293,1.6812025421102827,3.2
CHL,1991,7.804,21.784,,8.217,22.599,38.48622260757574,51.13175628075436,9.54407582043421,0.8379452912356906,,25.821,1.6768032211530004,3.1
CHL,1992,11.167,15.426,,6.7,20.204,38.10434202985291,51.27507264805141,9.745748475241683,0.8748368468540003,,27.249,1.6255198265089366,3.0
CHL,1993,6.589,12.728,,6.5,21.702,37.71736633150563,51.4380253230046,9.93375821037682,0.910850135112942,,30.003,1.5679159124575293,2.9
CHL,1994,5.03,11.443,,7.808,20.071,37.334022945664,51.60574384811224,10.114219108683162,0.946014097540586,,27.789,1.5173437252256505,2.8
CHL,1995,8.933,8.233,,7.375,24.751,36.95773735961983,51.77138770672472,10.29053997101955,0.9803349626359025,,29.641,1.4747256545286636,2.9
CHL,1996,4.985,7.359,12.46,6.5,25.32,36.60254476613364,51.907267423600665,10.476209673711134,1.0139781365545533,5.101000000000001,29.881,1.4225825899870426,3.1
CHL,1997,7.392,6.134,16.76,6.108,25.078,36.226344739700686,52.067144845001664,10.659239791073585,1.0472706242240675,10.626000000000001,29.859,1.3464665899124872,3.0
CHL,1998,4.181,5.11,16.41208333,6.217,23.4,35.825058225588535,52.250024607016535,10.845011227343777,1.0799059400511601,11.302083330000002,28.619,1.3083231672638362,2.7
CHL,1999,-0.274,3.337,10.955,10.008,22.489,35.401891566609144,52.44635227592622,11.039767613592323,1.111988543872318,7.618,22.55,1.2659706808637594,3.0
CHL,2000,4.972,3.843,10.7575,9.708,22.505,34.96519364652225,52.64594399958461,11.245053176238992,1.1438091776541437,6.9145,23.751,1.2032034727406993,3.4
CHL,2001,3.154,3.569,7.233333333,9.867,22.953,34.49785827445801,52.79939382226901,11.445801346340431,1.2569465569325489,3.664333333,24.091,1.1623983665766335,3.3
CHL,2002,3.203,2.489,3.925,9.8,23.122,34.008256628523064,52.96392583002108,11.659774792106315,1.3680427493495284,1.436,24.108,1.109909308614232,3.3
CHL,2003,4.723,2.81,2.7675,9.533,23.573,33.49073150993948,53.148731198733415,11.883142774476099,1.47739451685101,-0.04249999999999998,23.399,1.0520039333013598,3.4
CHL,2004,6.674,1.055,1.83,10.017,24.473,32.94679110438376,53.34876310450745,12.119536267936606,1.5849095231721937,0.7750000000000001,21.243,1.0144931108603927,3.7
CHL,2005,5.837,3.052,3.530833333,9.3,25.156,32.380433338211375,53.559916024302126,12.369249015713867,1.690401621772637,0.47883333299999986,23.268,0.9974225816173687,4.0
CHL,2006,6.05,3.392,4.825833333,7.95,27.682,31.78852669038456,53.79697416491156,12.620555775752717,1.7939433689511626,1.4338333330000004,22.186,0.9812170971193579,4.2
CHL,2007,5.168,4.408,5.179166667,7.008,27.466,31.190689449029747,54.01922271256765,12.894819420390288,1.8952684180123174,0.7711666669999993,22.348,0.9836094668337569,4.3
CHL,2008,3.789,8.716,7.236666667,7.75,24.133,30.601896028431163,54.20952731838755,13.194532830595282,1.9940438225860126,-1.4793333329999996,28.897,1.004148946766037,4.6
CHL,2009,-1.118,1.484,1.746666667,11.053,24.317,30.018114043605802,54.37574628239995,13.515675042588123,2.0904646314061233,0.26266666699999996,22.92,1.0139712671569212,4.1
CHL,2010,5.852,1.41,2.07,8.305,25.659,29.433749068181854,54.52560969193312,13.855798318466922,2.184842921418105,0.6599999999999999,24.775,1.0096191706270519,4.4
CHL,2011,6.224,3.341,4.93625,7.3,21.706,28.847586006202064,54.453569426207885,14.230773143017803,2.4680714245722584,1.59525,26.646,0.9914841948276409,4.6
CHL,2012,6.155,3.006,5.12,6.595,23.5,28.286572515432994,54.36338893525411,14.6037680319427,2.7462705173701942,2.1140000000000003,28.791,0.9641844105592101,4.5
CHL,2013,3.309,1.794,4.75,6.082,22.702,27.758904255505307,54.23875826584899,14.98323076886979,3.0191067097759023,2.956,27.497,0.958310175300503,4.6
CHL,2014,1.793,4.715,4.11,6.495,21.709,27.255323287727208,54.08876302570589,15.370812958546413,3.28510072802049,-0.6049999999999995,25.158,1.001800389455365,4.5
CHL,2015,2.152,4.349,3.0,6.328,22.778,26.762745049203286,53.92421845189551,15.768392911300161,3.5446435876010396,-1.3490000000000002,25.599,1.0268052940532568,3.9
CHL,2016,1.753,3.787,3.528888889,6.685,21.127,26.145334144002135,53.13952480403218,16.11245859147216,4.602682460493512,-0.25811111099999984,23.709,1.2167584040349233,3.8
CHL,2017,1.358,2.182,2.516111111,6.965,19.875,25.518815735927852,52.446095646730605,16.421381854253774,5.613706763087779,0.3341111109999999,22.637,1.5965536959192228,3.9
CHL,2018,3.99,2.319,2.657916667,7.377,19.634,24.89927350017263,51.818780109723136,16.703393301851442,6.578553088252799,0.3389166669999999,24.203,1.8014218809418114,4.2
CHL,2019,0.634,2.254,2.678333333,7.223,19.702,24.30062303153954,51.17808790449545,16.999796955308913,7.5214921086560995,0.42433333299999987,24.939,1.611972270856743,4.0
CHL,2020,-6.143,3.045,1.41,10.77,19.132,23.70179195053293,50.45369214744967,17.352197843497454,8.492318058519952,-1.635,21.058,0.9005224780578303,3.7
CHL,2021,11.315,4.525,1.836666667,8.862,16.679,23.218862813518722,50.55004452534584,17.77618538004128,8.454907281094167,-2.688333333,24.106,0.44247412989895096,4.2
CHL,2022,2.154,11.644,9.211666667,7.878,16.927,22.770767599191053,50.61334335462423,18.20279678811012,8.413092258074597,-2.4323333330000008,25.798,0.49702323161187056,4.6
CHL,2023,0.521,7.582,11.25,8.681,20.208,22.355012390103482,50.59991856078959,18.677253764020097,8.367815285086833,3.668,23.362,0.5410847568356081,4.4
CHL,2024,2.644,3.927,7.24,8.462,21.776,21.938685200585294,50.537004690390674,19.201345181248364,8.322964927775663,3.313,23.24,0.5388747603812805,4.3
DEU,1990,5.723,2.687,8.488333333,6.155,24.252,20.813621635952316,52.19799254927604,19.540972690067246,7.447413124704398,5.8013333330000005,27.348,0.8871282587196383,3.2
DEU,1991,5.011,3.474,9.246666667,5.47,25.031,20.646867155822786,52.09430369371599,19.486005264348385,7.772823886112827,5.772666666999999,26.225,0.7467723518049141,3.1
DEU,1992,2.015,5.046,9.5175,6.592,24.654,20.50974587006955,52.0206952012221,19.379759396249565,8.089799532458793,4.4715,25.637,0.7866461504221878,3.0
DEU,1993,-0.981,4.476,7.295,7.775,23.373,20.468272442622514,51.846253206310266,19.275378098942376,8.410096252124847,2.819,24.153,0.6818745851758568,2.9
DEU,1994,2.598,2.717,5.364166667,8.425,23.241,20.454628908335,51.45579100075635,19.33521492228487,8.754365168623794,2.647166667,24.551,0.35201296014026884,2.8
DEU,1995,1.512,1.733,4.531666667,8.233,23.408,20.43641901716511,50.91289411072793,19.54996026238294,9.100726609724015,2.7986666669999996,24.477,0.30116559660779973,2.9
DEU,1996,1.028,1.274,3.305,8.908,22.976,20.42077592919006,50.332356855674796,19.80151134305338,9.445355872081768,2.031,23.46,0.2966341438848774,3.1
DEU,1997,1.858,1.507,3.325,9.658,23.061,20.437312396007858,49.67595039075181,20.08490266700771,9.801834546232623,1.8180000000000003,23.405,0.15371212904404796,3.0
DEU,1998,2.103,0.596,3.544166667,9.383,23.563,20.293531043083863,48.95071594393104,20.53609340952174,10.219659603463342,2.9481666669999997,24.061,-0.4584302215285829,2.7
DEU,1999,2.127,0.647,2.963488346,8.558,22.601,20.073601568064227,48.21235526156419,21.078430795200198,10.635612375171384,2.316488346,23.758,-0.40683344896892404,3.0
DEU,2000,2.881,1.413,4.39176543,7.95,22.44,19.921001997884808,47.51710963515971,21.568083482895705,10.993804884059776,2.97876543,23.964,0.1456586620137923,3.4
DEU,2001,1.633,1.9,4.261780438,7.8,22.591,19.773145138749037,47.06512505213883,22.086221482639456,11.07550832647267,2.361780438,22.765,0.1670300478346709,3.3
DEU,2002,-0.229,1.326,3.318601627,8.6,22.106,19.609902487776452,46.810763102376654,22.422097762649027,11.15723664719787,1.992601627,20.152,0.1640859588440513,3.3
DEU,2003,-0.536,1.074,2.333474191,9.708,21.076,19.446924290510395,46.6590273089926,22.64287456383074,11.251173836666263,1.259474191,19.577,0.05274751155064372,3.4
DEU,2004,1.171,1.78,2.10632298,10.333,23.536,19.276565957133695,46.484469202279996,22.885357473617777,11.35360736696853,0.3263229799999998,19.021,-0.02302597493042402,3.7
DEU,2005,0.883,1.928,2.184689332,11.008,23.387,19.101947639461393,46.48037925167535,22.95780512545835,11.459867983404896,0.2566893320000001,18.736,-0.05600741020744815,4.0
DEU,2006,3.862,1.775,3.079211845,10.042,25.708,18.887563801857365,46.50264177837276,23.001249259947475,11.608545159822398,1.3042118450000002,19.898,-0.4201989499142966,4.2
DEU,2007,2.887,2.271,4.277596427,8.542,27.459,18.621968284363774,46.40898672937465,23.20207708520728,11.766967901054315,2.006596427,20.787,-0.4937806212777618,4.3
DEU,2008,0.91,2.754,4.634232681,7.425,26.499,18.409157629011233,46.30864272394187,23.386941068182228,11.895258578864672,1.8802326810000003,20.899,-0.23095863003940176,4.6
DEU,2009,-5.548,0.246,1.22834975,7.225,23.839,18.270617648918332,46.139077069762024,23.56798394094699,12.022321340372653,0.98234975,18.036,-0.21636274188548965,4.1
DEU,2010,4.147,1.119,0.810953933,6.575,25.297,18.13184147195942,45.95100632525245,23.777908316376532,12.139243886411592,-0.30804606700000003,19.556,-0.12894129251391773,4.4
DEU,2011,3.764,2.482,1.390599744,5.517,27.582,17.866450074277555,45.86759197915339,24.029803850827218,12.236154095741833,-1.0914002560000002,21.293,0.0333405813844001,4.6
DEU,2012,0.469,2.159,0.573181087,5.083,26.692,17.62964043731041,45.69508880898488,24.347082436901335,12.32818831680338,-1.5858189129999998,19.504,0.07237019410364365,4.5
DEU,2013,0.386,1.607,0.220661223,4.95,26.519,17.450203387257442,45.5021691549788,24.637756112891257,12.409871344872508,-1.386338777,19.811,0.15471649096852058,4.6
DEU,2014,2.172,0.769,0.209945672,4.708,27.392,17.394053510564774,45.339151259190665,24.807621723730126,12.459173506514446,-0.559054328,20.158,0.4127492255318277,4.5
DEU,2015,1.656,0.68,-0.019375701,4.367,27.567,17.477257682050343,45.1943945378828,24.87619985686586,12.452147923200997,-0.699375701,19.462,0.8620106793052917,3.9
DEU,2016,2.289,0.367,-0.263695659,3.908,28.641,17.464824430346738,44.39398609976347,24.452436728192787,13.688752741697005,-0.630695659,19.735,0.8315940179038028,3.8
DEU,2017,2.713,1.702,-0.329056116,3.567,28.581,17.355534613391143,43.52405871355878,24.154541549362353,14.965865123687719,-2.031056116,20.513,0.41554383043447274,3.9
DEU,2018,1.116,1.935,-0.322092958,3.208,29.899,17.184696683809452,42.68284106400348,23.88455026340852,16.247911988778544,-2.257092958,21.471,0.31827406348770015,4.2
DEU,2019,0.993,1.354,-0.35631935,2.975,29.178,17.02775720536724,41.755887127982035,23.67902696132639,17.537328705324338,-1.71031935,21.3,0.22872066478389907,4.0
DEU,2020,-4.1,0.371,-0.425159625,3.625,27.987,16.87224608998954,40.73337208119147,23.546240702736668,18.848141126082318,-0.796159625,21.667,0.08320090574363004,3.7
DEU,2021,3.67,3.212,-0.548756293,3.575,29.381,16.877495102651878,40.231341397115,24.05841983799137,18.832743662241754,-3.760756293,22.461,0.08175900504310274,4.2
DEU,2022,1.367,8.666,0.341555419,3.067,26.866,16.88985284117933,39.72644414167852,24.638115823653266,18.745587193488895,-8.324444581,23.021,0.4649439244193365,4.6
DEU,2023,-0.264,6.03,3.430800561,3.025,27.234,16.8981637238513,39.216426657111256,25.242255512123013,18.64315410691443,-2.5991994390000004,21.673,0.5494407544293756,4.4
DEU,2024,-0.232,2.489,3.57091273,3.408,26.777,16.912478204894914,38.572236203979074,25.87301588052509,18.64226971060093,1.08191273,21.048,0.004744037755211039,4.3
DNK,1990,1.665,2.648,11.17800524,7.167,20.793,23.275883700234875,52.354180343414,19.79518675750458,4.574749198846534,8.53000524,20.793,0.16190261878945567,3.2
DNK,1991,1.457,2.167,9.918040743,7.867,19.6,23.082927421711926,52.38528778974708,19.705316553831434,4.826468234709574,7.751040743000001,19.6,0.25908257594549067,3.1
DNK,1992,2.024,1.944,11.69775898,8.608,18.923,22.88309261361647,52.44900236243144,19.59465069874175,5.0732543252103355,9.75375898,18.923,0.33025537970927665,3.0
DNK,1993,-0.08,0.872,10.86824211,9.533,17.355,22.735928529978107,52.49769062665205,19.448213471090764,5.318167372279078,9.99624211,17.355,0.33395425232825016,2.9
DNK,1994,5.292,1.841,6.302277964,7.733,18.716,22.63581454343911,52.497288083731874,19.3057436729877,5.561153699841314,4.461277964,18.716,0.338287299728246,2.8
DNK,1995,3.039,2.038,6.20278294,6.758,20.645,22.57313657000474,52.48163703624441,19.153383294862188,5.791843098888668,4.16478294,20.645,0.5218884176229066,2.9
DNK,1996,2.9,2.092,3.983448902,6.317,20.019,22.50544549300902,52.460999933878874,19.01631139859869,6.01724317451342,1.891448902,20.019,0.5676658972438187,3.1
DNK,1997,3.166,1.933,3.731127724,5.242,23.33,22.478466083952142,52.31280776759284,18.959473305285584,6.24925284316944,1.7981277239999998,22.015,0.4173801288525958,3.0
DNK,1998,2.324,1.314,4.272079069,4.883,22.451,22.45282567113012,52.10755615012983,18.956929352283122,6.482688826456913,2.958079069,22.6,0.3638008073740151,2.7
DNK,1999,2.971,2.041,3.437818813,5.108,23.365,22.435190511798666,51.87165004684966,18.97660184942734,6.716557591924325,1.3968188129999999,20.835,0.33081887734807136,3.0
DNK,2000,3.72,2.751,4.997200789,4.317,24.285,22.467242053026425,51.56420583825726,19.020055308780513,6.948496799935801,2.246200789,22.294,0.3353934408963477,3.4
DNK,2001,0.954,2.269,4.702664261,4.508,25.393,22.64197320757449,51.09270347919358,19.082831171293424,7.182492141938498,2.4336642609999997,21.749,0.35900235942054604,3.3
DNK,2002,0.454,2.397,3.543718946,4.642,24.254,22.834024589845274,50.52823505536407,19.220109379554415,7.417630975236232,1.146718946,21.257,0.31967810872080005,3.3
DNK,2003,0.441,1.961,2.423353694,5.433,24.811,23.022260609887113,49.85435906682728,19.468599208569774,7.65478111471583,0.4623536939999997,20.886,0.27272343408868416,3.4
DNK,2004,2.778,0.937,2.195047156,5.517,25.681,23.19388232020217,49.08533252611942,19.82914177890752,7.891643374770889,1.2580471560000002,21.646,0.25929297007645236,3.7
DNK,2005,2.357,1.726,2.224244653,4.8,26.224,23.309738835544508,48.279281996333836,20.2851636605924,8.125815507529262,0.498244653,22.171,0.2767365861438664,4.0
DNK,2006,3.82,1.844,3.180477092,3.9,27.443,23.353518764414,47.548587381515496,20.77665326570322,8.321240588367278,1.3364770919999998,24.263,0.3296488668948605,4.2
DNK,2007,0.987,1.657,4.441651643,3.617,26.523,23.36842068643899,46.894426860079825,21.231622853859683,8.505529599621504,2.784651643,25.231,0.44482493535538126,4.3
DNK,2008,-0.417,3.638,5.262556544,2.65,26.901,23.348806332853606,46.392626839506285,21.582976769931943,8.675590057708163,1.6245565439999998,24.036,0.5887735972214703,4.6
DNK,2009,-4.978,1.042,2.499273967,4.833,22.619,23.286969283779452,46.001222485697994,21.863738470621865,8.848069759900696,1.4572739670000001,19.033,0.5353251919198998,4.1
DNK,2010,1.584,2.198,1.248442283,6.058,24.237,23.177719346865572,45.66893105227464,22.12695429996688,9.026395300892911,-0.949557717,17.822,0.4470165971625528,4.4
DNK,2011,1.313,2.656,1.383979445,5.95,25.333,23.015764742501542,45.28028133593282,22.373368942507692,9.33058497905795,-1.272020555,18.987,0.41433074449843676,4.6
DNK,2012,-0.005,2.354,0.620019506,6.075,25.291,22.781885244531104,44.95630791339605,22.626226625522747,9.635580216550085,-1.733980494,19.227,0.37817395517270036,4.5
DNK,2013,1.393,0.522,0.27136044,5.758,26.72,22.50080471637254,44.677947387799385,22.887118438667706,9.934129457160374,-0.25063956000000004,19.352,0.41874731140927324,4.6
DNK,2014,1.278,0.352,0.314957823,4.992,28.55,22.201288707560902,44.44707585003987,23.130582016281952,10.22105342611725,-0.037042176999999954,20.148,0.5068533341525239,4.5
DNK,2015,2.101,0.226,-0.123318838,4.542,28.5,21.914277334434022,44.27848157388997,23.323297618928226,10.483943472747775,-0.349318838,20.544,0.7070952625131133,3.9
DNK,2016,3.076,0.017,-0.144246122,4.125,28.768,21.656368203559893,44.031665439114306,23.484559986634544,10.827406370691252,-0.161246122,21.681,0.7829405522915334,3.8
DNK,2017,3.056,1.058,-0.263757907,4.2,29.28,21.429854255764962,43.721442289279345,23.668540101520023,11.180163353435669,-1.321757907,21.957,0.6453509574821048,3.9
DNK,2018,1.859,0.709,-0.299244289,3.85,28.84,21.19913884170983,43.39445214469303,23.86144764999354,11.544961363603608,-1.0082442889999998,22.532,0.49706270485094795,4.2
DNK,2019,1.713,0.729,-0.371996934,3.658,29.332,20.989471622256907,43.011767667990604,24.076492722609405,11.922267987143096,-1.1009969339999999,21.886,0.35889937639637104,4.0
DNK,2020,-1.781,0.333,-0.240562448,4.658,29.989,20.782359003554813,42.58245263249953,24.33011576721718,12.305072596728474,-0.573562448,22.763,0.2908445326206488,3.7
DNK,2021,7.38,1.944,-0.230067432,3.608,32.28,20.63431138272051,42.496064174550625,24.617594678574463,12.252029764154395,-2.1740674319999997,23.602,0.4329309803773551,4.2
DNK,2022,1.541,8.534,0.61551601,2.517,36.352,20.516547492263765,42.50441329423732,24.822750363444023,12.156288850054892,-7.91848399,24.694,0.7875834087232247,4.6
DNK,2023,2.495,3.353,3.503739655,2.767,32.662,20.361957059996858,42.43175152419587,25.142445873594195,12.063845542213095,0.15073965499999975,22.827,0.7662839143482536,4.4
DNK,2024,3.677,1.268,3.495989614,2.9,34.657,20.19823963949616,42.217643689275555,25.57935608253204,12.004760588696245,2.227989614,21.635,0.49217935734997553,4.3
ESP,1990,3.847,6.722,15.15158333,16.238,21.525,27.673005785675358,51.66355724535505,18.56133784797479,2.1020991209947946,8.42958333,25.67,0.14199879155687434,3.2
ESP,1991,2.525,5.934,13.22675,16.313,20.692,26.992652293995278,51.85987572649483,18.950383323360565,2.1970886561493326,7.292749999999999,24.942,0.29878486054708553,3.1
ESP,1992,0.851,7.145,13.342,18.353,18.856,26.32948130807225,52.093135510443446,19.29178728278777,2.285595898696525,6.197000000000001,22.968,0.557593601858497,3.0
ESP,1993,-1.314,4.569,11.68808333,22.64,19.265,25.658339415682402,52.33269151846276,19.636601489760032,2.372367576094808,7.11908333,20.979,0.5866906975739328,2.9
ESP,1994,2.335,4.718,8.0085,24.118,19.027,24.947298546625447,52.62978649803873,19.963291094605008,2.4596238607308027,3.2904999999999998,20.896,0.5222976886619435,2.8
ESP,1995,4.122,4.674,9.355166667,22.9,20.978,24.195338708122012,52.99392207586311,20.263929525416334,2.5468096905985513,4.681166667,21.968,0.4867617363683463,2.9
ESP,1996,2.421,3.599,7.495,22.08,20.814,23.385795921264442,53.22742350071966,20.534927827791535,2.851852750224343,3.896,21.721,0.4609784786869797,3.1
ESP,1997,3.865,1.877,5.373333333,20.61,21.338,22.602852832386525,53.49295808862823,20.75022191120653,3.1539671677787253,3.496333333,22.125,0.4633851336016903,3.0
ESP,1998,4.469,1.764,4.242,18.605,21.633,21.859278897694203,53.85096015589658,20.83706234517658,3.452698601232641,2.4779999999999998,23.515,0.47896134324347805,2.7
ESP,1999,4.745,2.235,2.963488346,15.64,21.626,21.186389636804766,54.271817754290254,20.793362503308238,3.74843010559675,0.7284883460000002,25.268,0.481113525604826,3.0
ESP,2000,5.053,3.484,4.39176543,13.857,22.436,20.584931543199975,54.50861388816266,20.86624464500652,4.040209923630857,0.9077654300000004,26.672,0.5069922023223539,3.4
ESP,2001,3.919,2.825,4.261780438,10.54,22.167,19.955073752776947,53.90268627323505,20.936173809281158,5.206066164706854,1.4367804379999995,26.482,0.5505271609915763,3.3
ESP,2002,2.761,3.59,3.318601627,11.45,23.045,19.47310144740943,53.39863914161285,20.81232853839562,6.315930872582104,-0.2713983729999998,26.706,1.2367489045709945,3.3
ESP,2003,2.937,3.103,2.333474191,11.485,23.707,19.10973070663498,52.85190282352531,20.681264764344633,7.357101705495082,-0.7695258090000001,27.529,1.7981710953789642,3.4
ESP,2004,3.11,3.054,2.10632298,10.965,22.885,18.79241877899272,52.20093547371333,20.64010449416793,8.36654125312603,-0.94767702,28.303,1.7127316140482352,3.7
ESP,2005,3.552,3.384,2.184689332,9.153,22.209,18.504519621004945,51.52442105845041,20.627724065339695,9.343335255204948,-1.1993106679999999,29.404,1.6753238600799136,4.0
ESP,2006,4.046,3.561,3.079211845,8.453,21.788,18.312992615187483,50.90129391813338,20.624067361670328,10.161646105008794,-0.48178815499999983,30.584,1.675571389037711,4.2
ESP,2007,3.533,2.843,4.277596427,8.233,21.108,18.1756115424235,50.310460334752825,20.58083872736544,10.933089395458222,1.4345964269999998,30.459,1.8370092390281867,4.3
ESP,2008,0.766,4.131,4.634232681,11.245,19.688,18.076618878827308,49.592049357182546,20.628246914127104,11.70308484986305,0.5032326810000001,28.479,1.5786514549545938,4.6
ESP,2009,-3.768,-0.239,1.22834975,17.855,19.375,17.981047784097758,48.6716013533131,20.812833358850547,12.534517503738593,1.46734975,23.352,0.8654169626361563,4.1
ESP,2010,0.094,2.043,0.810953933,19.858,18.841,17.864266161368594,47.70490621555763,21.023486068025594,13.40734155504818,-1.2320460670000002,22.399,0.44020737134498056,4.4
ESP,2011,-0.638,3.05,1.390599744,21.39,18.1,17.9642505323493,47.59955651344415,21.23927906146304,13.196913892743511,-1.6594002559999999,20.714,0.3363992610535771,4.6
ESP,2012,-2.866,2.436,0.573181087,24.788,18.75,18.03936688723848,47.42050527217342,21.514311362341783,13.025816478246327,-1.862818913,18.594,0.04315073335237063,4.5
ESP,2013,-1.428,1.53,0.220661223,26.095,19.493,18.08904702007489,47.14021878905017,21.866979593361894,12.90375459751305,-1.309338777,17.412,-0.3358977768719962,4.6
ESP,2014,1.521,-0.19,0.209945672,24.443,19.928,18.152451549985756,46.85922910733182,22.212302979306326,12.776016363376112,0.399945672,18.148,-0.29918979119015754,4.5
ESP,2015,4.062,-0.629,-0.019375701,22.058,21.42,18.235180701026906,46.63514252066557,22.510261936043356,12.619414842264169,0.609624299,19.373,-0.07812789706805878,3.9
ESP,2016,2.915,-0.337,-0.263695659,19.635,22.208,18.206207160281593,46.012594887643196,22.768045361572938,13.013152590502287,0.073304341,19.061,0.10514379691441977,3.8
ESP,2017,2.894,2.036,-0.329056116,17.225,22.359,18.160025085454073,45.41522201150661,23.043499351287366,13.38125355175194,-2.365056116,19.566,0.29064080107723544,3.9
ESP,2018,2.394,1.736,-0.322092958,15.255,22.583,18.078243390855693,44.873050395515705,23.327284853035245,13.72142136059337,-2.058092958,20.706,0.4784130985960644,4.2
ESP,2019,1.961,0.78,-0.35631935,14.105,23.038,17.95200281883977,44.41773699355534,23.606888179199046,14.023372008405838,-1.13631935,20.909,0.7268581340667657,4.0
ESP,2020,-10.941,-0.337,-0.425159625,15.533,21.416,17.76708009601361,43.99019670701589,23.892313527101766,14.350409669868736,-0.08815962499999996,20.627,0.5151668324053338,3.7
ESP,2021,6.685,3.008,-0.548756293,14.92,22.647,17.545108595798613,43.78482976360012,24.336539283674146,14.333522356927123,-3.556756293,21.874,0.11781690865015904,4.2
ESP,2022,6.182,8.323,0.341555419,13.035,23.005,17.311043291083486,43.507021170954296,24.876199817127414,14.3057357208348,-7.981444581000001,22.655,0.19423423327928901,4.6
ESP,2023,2.673,3.4,3.430800561,12.185,23.659,17.053381636061488,43.16506722555452,25.500656892348957,14.28089424603503,0.03080056099999995,21.005,0.17394901447900235,4.4
ESP,2024,3.151,2.867,3.57091273,11.345,23.499,16.79233790094125,42.750221081373425,26.176232899465212,14.281208118220116,0.7039127299999999,20.475,-0.002197798550973573,4.3
FIN,1990,0.211,4.957,13.99666667,3.2,25.086,24.910845620491017,55.5240921875235,18.296556253540757,1.2685059384447241,9.039666669999999,30.137,0.44412090458172404,3.2
FIN,1991,-5.88,4.545,13.07916667,6.7,18.734,24.876040112647292,55.2824020519039,18.43446791706224,1.4070899183865588,8.53416667,24.088,0.5475702260569593,3.1
FIN,1992,-3.312,3.254,13.25166667,11.8,16.41,24.896792002138774,55.02914829156145,18.530181977998268,1.5438777283015097,9.997666670000001,21.072,0.563794905342796,3.0
FIN,1993,-0.781,3.326,7.773333333,16.5,17.143,24.968448206782075,54.78031378106378,18.570829690186102,1.6804083219680295,4.4473333329999996,18.605,0.48475372004153083,2.9
FIN,1994,3.963,1.614,5.35,16.7,20.605,24.990578187873595,54.5661854174501,18.62669018524962,1.8165462094266862,3.7359999999999998,19.784,0.43162166269621327,2.8
FIN,1995,4.233,0.398,5.75,15.5,24.138,24.90464567541892,54.39758531966763,18.745331394515087,1.9524376103983567,5.352,20.306,0.38251270006426363,2.9
FIN,1996,3.662,1.063,3.625,14.6,23.721,24.746475244045207,54.29182277692824,18.873317187399536,2.08838479162701,2.5620000000000003,20.203,0.32878337523720713,3.1
FIN,1997,6.398,1.217,3.231666667,12.7,26.463,24.55436412009903,54.19887449719597,19.022631653185602,2.2241297295193996,2.0146666669999997,21.709,0.2967676358292204,3.0
FIN,1998,5.454,1.349,3.568333333,11.5,27.677,24.3526324000475,54.06047445371617,19.227093644999524,2.3597995012368176,2.219333333,22.969,0.26504277786154606,2.7
FIN,1999,4.389,1.31,2.963488346,10.275,27.206,24.15411742021514,53.874579035279346,19.47575034130182,2.495553203203707,1.653488346,22.36,0.23222835995706514,3.0
FIN,2000,5.754,2.952,4.39176543,9.875,30.986,23.960098925824276,53.75077651053577,19.65779346109304,2.631331102546916,1.4397654300000005,23.825,0.2068621992459052,3.4
FIN,2001,2.64,2.665,4.261780438,9.2,30.81,23.754188294421844,53.46665006415803,19.938047070810537,2.8411145706095886,1.5967804379999997,23.134,0.22737716064571423,3.3
FIN,2002,1.687,2.007,3.318601627,9.175,29.837,23.51126785533673,53.24997798308101,20.189278202711797,3.0494759588704716,1.311601627,22.016,0.2423876309254558,3.3
FIN,2003,2.012,1.29,2.333474191,9.075,26.504,23.241581789982835,53.165074319651715,20.336408044957228,3.2569358454082193,1.043474191,22.188,0.23860956138066491,3.4
FIN,2004,4.005,0.147,2.10632298,8.875,28.435,22.994253414402195,52.920139215645776,20.624041247493373,3.46156612245866,1.9593229799999998,22.831,0.2914469816064136,3.7
FIN,2005,2.778,0.774,2.184689332,8.475,27.439,22.788606811712057,52.47257858340758,21.075718984186675,3.6630956206936913,1.410689332,24.561,0.3430277796267145,4.0
FIN,2006,4.019,1.275,3.079211845,7.775,27.895,22.64404827992765,51.84239476826617,21.72658268085248,3.786974270953705,1.8042118450000002,23.963,0.384372566040736,4.2
FIN,2007,5.313,1.583,4.277596427,6.95,29.547,22.5362196074279,51.11437571732994,22.441196435425653,3.9082082398165143,2.6945964269999996,25.518,0.4265561819029706,4.3
FIN,2008,0.784,3.916,4.634232681,6.425,27.757,22.411955711028977,50.42050281769955,23.14079539245944,4.026746078812025,0.7182326810000004,25.214,0.46640863272897626,4.6
FIN,2009,-8.076,1.634,1.22834975,8.325,23.433,22.272664567777763,49.78904565050588,23.794732074181056,4.143557707535312,-0.4056502499999999,21.437,0.47953495488837206,4.1
FIN,2010,3.168,1.686,0.810953933,8.5,23.934,22.12915229015892,49.23184677190127,24.378958637888758,4.26004230005106,-0.875046067,22.572,0.4587873826539468,4.4
FIN,2011,2.389,3.324,1.390599744,7.9,22.751,21.934139545725593,48.64309335829633,24.861798126698496,4.5609689692795845,-1.9334002559999999,24.302,0.46408490364371335,4.6
FIN,2012,-1.523,3.162,0.573181087,7.8,21.363,21.72427579273367,48.10307368629479,25.314276220331045,4.858374300640482,-2.588818913,23.593,0.4775306078551367,4.5
FIN,2013,-0.98,2.216,0.220661223,8.325,20.741,21.514276474231817,47.58593637532121,25.746206186996158,5.153580963450807,-1.9953387770000002,22.624,0.4632735876056948,4.6
FIN,2014,-0.478,1.209,0.209945672,8.825,20.786,21.308935119644417,47.09315661616454,26.149387258581786,5.448521005609259,-0.999054328,22.142,0.41608346158792386,4.5
FIN,2015,0.467,-0.156,-0.019375701,9.575,20.97,21.100503812468435,46.599692411150755,26.553960126594124,5.745843649786691,0.136624299,21.878,0.33018204641643845,3.9
FIN,2016,2.572,0.389,-0.263695659,8.975,21.583,20.912091397476722,46.15658099427001,26.942845096569556,5.988482511683716,-0.652695659,23.553,0.2874509497980515,3.8
FIN,2017,3.303,0.839,-0.329056116,8.825,23.624,20.73205158089578,45.72071797307238,27.314301658776884,6.232928787254946,-1.168056116,24.28,0.2352301505112564,3.9
FIN,2018,1.193,1.169,-0.322092958,7.417,24.081,20.53994965132943,45.31991874521199,27.657341861780377,6.4827897416781965,-1.491092958,25.692,0.13326020859794063,4.2
FIN,2019,1.35,1.137,-0.35631935,6.725,24.402,20.31394343722716,44.9602545130999,27.99220864220985,6.7335934074630925,-1.49331935,24.54,0.1091875944400078,4.0
FIN,2020,-2.491,0.383,-0.425159625,7.767,25.376,20.076887853976018,44.611999901620585,28.329573575867528,6.981538668535875,-0.808159625,24.953,0.142219173274305,3.7
FIN,2021,2.676,2.066,-0.548756293,7.617,25.094,19.91612638341838,44.45867453517594,28.65810334637232,6.967095735033364,-2.6147562929999997,24.764,0.20730206748684754,4.2
FIN,2022,0.763,7.172,0.341555419,6.783,24.846,19.755834621197394,44.32054195689619,28.99183541770697,6.931788004199453,-6.830444581,27.262,0.5093596459170513,4.6
FIN,2023,-0.947,4.34,3.430800561,7.208,22.437,19.540872195716425,44.17515720555943,29.391643965371266,6.892326633352887,-0.909199439,22.963,0.5725406375201025,4.4
FIN,2024,-0.134,0.975,3.57091273,8.4,21.994,19.324995476037866,44.04687973007723,29.75558321015012,6.872541583734779,2.59591273,21.689,0.2878854842425671,4.3
FRA,1990,2.793,0.323,10.3214,8.4,23.634,26.723858156866637,46.22654281399436,16.701744457517933,10.347854571621069,9.9984,24.417,0.5383365238847304,3.2
FRA,1991,1.292,3.403,9.615025,8.617,23.091,26.38770024880584,46.338837431804066,16.909833876549385,10.363628442840701,6.212024999999999,23.581,0.49363980113892314,3.1
FRA,1992,1.408,2.456,10.34461667,9.442,22.081,26.035164878315246,46.48518587566961,17.10075793759937,10.378891308415778,7.888616670000001,21.806,0.4946695624608921,3.0
FRA,1993,-0.425,2.235,8.586858333,10.267,19.993,25.687399427484863,46.6454090586406,17.26654986011422,10.400641653760303,6.351858333000001,19.295,0.42810712629530734,2.9
FRA,1994,2.403,1.664,5.846675,10.667,20.616,25.39999915344633,46.745922423804195,17.423282344968847,10.430796077780627,4.182675000000001,20.028,0.3435910872298997,2.8
FRA,1995,2.457,1.769,6.578183333,10.508,20.647,25.221140880334087,46.75366818472228,17.56332029567604,10.461870639267602,4.809183333,20.187,0.33161541845962983,2.9
FRA,1996,1.347,2.079,3.935625,10.833,20.433,25.122487562936424,46.71816838463482,17.66590334571777,10.493440706710974,1.8566249999999997,19.222,0.32382087339088983,3.1
FRA,1997,2.515,1.27,3.462833333,10.892,22.052,25.020946868171478,46.70122007230488,17.75294995651258,10.524883103011064,2.192833333,18.894,0.3220562418794426,3.0
FRA,1998,3.466,0.673,3.557108333,10.692,23.253,24.879235743707394,46.73648615174555,17.8321295209485,10.552148583598555,2.884108333,20.127,0.3588198876327331,2.7
FRA,1999,3.261,0.577,2.963488346,10.442,24.626,24.743784506892787,46.79108276136721,17.902965614670993,10.562167117069011,2.386488346,20.731,0.5195647357034261,3.0
FRA,2000,4.364,1.815,4.39176543,9.175,22.961,24.624460880819374,46.886239867006296,17.93394331707569,10.55535593509864,2.5767654300000005,21.858,0.67616457933517,3.4
FRA,2001,1.846,1.784,4.261780438,8.458,23.098,24.460170959489236,47.025507457604526,17.880015863416702,10.634305719489538,2.477780438,21.515,0.7084476639922066,3.3
FRA,2002,1.12,1.937,3.318601627,8.275,21.855,24.314485885383004,47.13096708803956,17.84252051411329,10.71202651246415,1.381601627,20.7,0.7046483625295696,3.3
FRA,2003,0.994,2.172,2.333474191,8.525,21.491,24.220485180176652,47.127016274994766,17.862367235852428,10.790131308976159,0.16147419099999993,20.651,0.6860540033253093,3.4
FRA,2004,2.519,2.335,2.10632298,8.867,21.9,24.14780036889594,47.05569400525424,17.932922754957758,10.863582870892069,-0.22867702000000012,21.364,0.714706875163218,3.7
FRA,2005,1.988,1.888,2.184689332,8.875,22.015,24.038617943435714,46.99438371082712,18.03377887089779,10.93321947483938,0.29668933200000014,21.911,0.7352410096132633,4.0
FRA,2006,2.929,1.892,3.079211845,8.842,22.939,23.938908623249823,46.77097244614057,18.247258101199705,11.042860829409907,1.1872118450000002,22.685,0.689339195799521,4.2
FRA,2007,2.486,1.605,4.277596427,8.017,23.467,23.83966018050328,46.36776932581475,18.63402132984105,11.158549163840933,2.6725964269999998,23.569,0.6166035487199961,4.3
FRA,2008,0.265,3.161,4.634232681,7.433,22.77,23.744698287787912,45.92649002814424,19.04972571761889,11.27908596644897,1.4732326810000003,23.467,0.5570037076398693,4.6
FRA,2009,-2.732,0.102,1.22834975,9.125,20.167,23.67374416151322,45.47349706479349,19.450584641386097,11.402174132307179,1.12634975,20.718,0.519706933030939,4.1
FRA,2010,1.843,1.738,0.810953933,9.267,20.709,23.61873138448481,45.00833111752321,19.846147811650162,11.526789686341813,-0.927046067,21.338,0.49265873132517957,4.4
FRA,2011,2.485,2.287,1.390599744,9.208,21.642,23.51955290520441,44.63365132118249,20.198880414697527,11.647915358915572,-0.896400256,22.5,0.4989398605153461,4.6
FRA,2012,0.221,2.217,0.573181087,9.767,19.698,23.430852866745617,44.27969649070035,20.523126330586237,11.766324311967793,-1.643818913,21.83,0.5094449368660436,4.5
FRA,2013,0.915,0.989,0.220661223,10.308,20.911,23.3869780228638,43.89692592691644,20.83340236822125,11.8826936819985,-0.768338777,21.52,0.5140124688125747,4.6
FRA,2014,1.02,0.611,0.209945672,10.267,20.923,23.35778931380639,43.49243955935072,21.147346579666873,12.00242454717601,-0.40105432799999996,21.837,0.4733176353123536,4.5
FRA,2015,0.986,0.089,-0.019375701,10.342,21.392,23.2865938398002,43.103070388938775,21.474194877542068,12.136140893718954,-0.10837570099999999,21.717,0.3460115561322752,3.9
FRA,2016,0.728,0.307,-0.263695659,10.067,21.07,23.168357242269906,42.72301110014448,21.80561665020059,12.303015007385016,-0.5706956590000001,21.598,0.2626757924230061,3.8
FRA,2017,2.286,1.166,-0.329056116,9.408,21.635,23.01114719303012,42.41307268941231,22.111996524273906,12.463783593283678,-1.495056116,22.181,0.3040867445194273,3.9
FRA,2018,1.587,2.099,-0.322092958,9.025,21.914,22.770625420652166,42.204777299841496,22.408116021261907,12.616481258244441,-2.421092958,22.612,0.35960374590240374,4.2
FRA,2019,2.076,1.298,-0.35631935,8.425,23.623,22.514380195948366,41.987967678236934,22.724736407765057,12.77291571804965,-1.65431935,23.025,0.32038761564918694,4.0
FRA,2020,-7.593,0.527,-0.425159625,8.025,20.751,22.290378035355364,41.75859664652805,23.015982293678984,12.93504302443761,-0.952159625,22.804,0.26748812887686935,3.7
FRA,2021,6.827,2.066,-0.548756293,7.867,23.724,22.11633916898908,41.63718964996544,23.34632232024166,12.900148860803817,-2.6147562929999997,23.447,0.27049427111507374,4.2
FRA,2022,2.624,5.904,0.341555419,7.308,23.03,21.934745683365094,41.51696727852598,23.68587103100146,12.862416007107461,-5.562444581,24.202,0.29335743514677937,4.6
FRA,2023,1.116,5.663,3.430800561,7.342,22.127,21.70525991565594,41.37230112237692,24.091272268493867,12.831166693473284,-2.2321994390000004,23.122,0.24354226221745545,4.4
FRA,2024,1.067,2.317,3.57091273,7.383,24.114,21.456210817457492,41.20418106001605,24.529594233489505,12.810013889036965,1.2539127299999997,23.718,0.1651270999356358,4.3
GBR,1990,0.561,6.999,14.80897333,7.1,20.363,25.294595256138358,48.55420182819432,19.788257055840774,6.362945859826535,7.809973330000001,23.191,0.3247972408725541,3.2
GBR,1991,-1.405,7.519,11.57341833,8.85,19.304,25.125688573847516,48.619692381531806,19.736897063952114,6.517721980668574,4.054418330000001,20.394,0.3265417142441329,3.1
GBR,1992,0.245,4.232,9.680578333,9.95,17.953,24.94184563642665,48.721830454842106,19.662142651956373,6.674181256774871,5.4485783329999995,19.237,0.2850820131049092,3.0
GBR,1993,2.259,2.533,5.995640833,10.375,17.708,24.805188679905616,48.80076708614815,19.561656836534063,6.832387397412183,3.4626408330000005,18.76,0.24561207429654175,2.9
GBR,1994,3.409,1.994,5.564840833,9.5,18.599,24.72828388459858,48.81630192043016,19.465642268065782,6.989771926905484,3.570840833,18.787,0.24570247505242282,2.8
GBR,1995,2.386,2.63,6.7525875,8.625,18.237,24.682346683822765,48.78173810893782,19.39066696395452,7.145248243284892,4.1225875,18.618,0.26107437549611756,2.9
GBR,1996,2.582,2.425,6.110595833,8.1,18.544,24.66228988655209,48.68462920142203,19.328256707519305,7.324824204506577,3.685595833,18.808,0.2474961819250998,3.1
GBR,1997,4.925,1.825,6.9117225,6.95,17.471,24.663398890576055,48.5416868237869,19.291988348641283,7.502925936995767,5.0867225,17.61,0.25476441830085683,3.0
GBR,1998,3.403,1.557,7.424255833,6.25,17.795,24.627983273082048,48.42647672538333,19.269503268892148,7.676036732642472,5.867255833,18.077,0.30750975467743746,2.7
GBR,1999,3.058,1.329,5.545774167,5.975,15.789,24.506241534370847,48.400035371303595,19.249916258285772,7.843806836039784,4.2167741670000005,17.904,0.3613320691906008,3.0
GBR,2000,4.342,0.796,6.187456667,5.45,16.491,24.29353402281695,48.470820848714844,19.22620013790666,8.009444990561546,5.391456667,18.322,0.37166212002428534,3.4
GBR,2001,2.573,1.234,5.04343,5.1,16.341,24.084848069823128,48.30899308781916,19.224436307528205,8.381722534829509,3.80943,18.114,0.3907253659147125,3.3
GBR,2002,1.796,1.259,4.060289167,5.2,16.149,23.92644061346678,48.081699255348816,19.243968539670874,8.74789159151353,2.8012891669999997,18.123,0.4261783437449207,3.3
GBR,2003,3.152,1.362,3.735160833,5.0,15.893,23.79649796637049,47.78840172961106,19.308238821933358,9.10686148208508,2.373160833,17.716,0.46963120039291706,3.4
GBR,2004,2.458,1.344,4.637820833,4.75,15.39,23.649967433088335,47.49586899391186,19.402674593456233,9.451488979543566,3.293820833,17.692,0.5843860750812668,3.7
GBR,2005,2.733,2.057,4.7601675,4.825,15.882,23.440476573181897,47.279111556141515,19.500648457488392,9.779763413188187,2.7031674999999997,17.879,0.7082287414250876,4.0
GBR,2006,2.381,2.329,4.849209167,5.425,15.09,23.198465508263737,47.05458359964374,19.649085079056196,10.097865813036327,2.5202091669999995,18.21,0.7508510282541625,4.2
GBR,2007,2.625,2.323,6.0022075,5.35,14.848,23.040681429068318,46.61677949072763,19.936314527004743,10.406224553199307,3.6792075,18.577,0.7940234388426726,4.3
GBR,2008,-0.249,3.602,5.511411667,5.725,13.744,22.98978724797602,46.089088037379156,20.212517208046105,10.708607506598725,1.909411667,17.606,0.798643334025706,4.6
GBR,2009,-4.621,2.165,1.213653333,7.625,11.746,22.934092220942055,45.63951985870591,20.417944609373347,11.008443310978677,-0.9513466670000001,14.814,0.7721099416109656,4.1
GBR,2010,2.233,3.298,0.699774167,7.9,13.388,22.784191112524084,45.335824410322985,20.58009332150788,11.299891155645046,-2.598225833,16.149,0.8003322805021806,4.4
GBR,2011,1.138,4.464,0.87458,8.1,14.259,22.64424593471454,45.02803405023349,20.711890389634444,11.61582962541753,-3.5894200000000005,15.889,0.7980170865909297,4.6
GBR,2012,1.509,2.828,0.827250833,7.95,12.894,22.51372128453562,44.69463583171134,20.85521538579977,11.936427497953266,-2.000749167,16.04,0.7104449317100192,4.5
GBR,2013,1.8,2.565,0.512660833,7.575,11.511,22.409591624011085,44.317592520059364,21.01603963062982,12.256776225299735,-2.052339167,16.155,0.6705765391018526,4.6
GBR,2014,3.195,1.461,0.542949167,6.175,12.368,22.325025192544683,43.93396461144583,21.17735575354123,12.563654442468255,-0.9180508330000001,17.39,0.7400730381223797,4.5
GBR,2015,2.223,0.04,0.574149167,5.375,12.876,22.25654846562768,43.56878357091871,21.31641667728374,12.858251286169873,0.5341491669999999,17.824,0.7957854106632523,3.9
GBR,2016,1.922,0.66,0.498991667,4.875,12.412,22.20116555601856,43.30370900205146,21.447506590876735,13.047618851053242,-0.161008333,17.859,0.7819386679322582,3.8
GBR,2017,2.657,2.683,0.358951667,4.425,14.949,22.13881412753634,42.99840624153269,21.618709913307875,13.244069717623097,-2.324048333,18.443,0.6997867675828218,3.9
GBR,2018,1.405,2.478,0.722835833,4.075,14.123,22.066737600366125,42.65220952481537,21.83053946688868,13.450513407929817,-1.7551641670000002,18.05,0.5998148941614101,4.2
GBR,2019,1.624,1.791,0.80785,3.825,15.562,21.981741044435697,42.293109569379126,22.06259848056408,13.662550905621107,-0.98315,18.25,0.5370332710509906,4.0
GBR,2020,-10.297,0.851,0.295,4.625,14.638,21.904618775829977,41.99122840873522,22.20760000820467,13.896552807230131,-0.556,17.572,0.35896298783277825,3.7
GBR,2021,8.576,2.588,0.09,4.55,17.244,21.83183645424024,41.95079912169851,22.385896884342195,13.831467539719048,-2.498,17.681,0.4705593771895833,4.2
GBR,2022,4.839,9.067,2.000833333,3.8,16.643,21.731945226114803,41.838972407987875,22.701184203000693,13.727898162896635,-7.066166667,18.744,0.7544445303530933,4.6
GBR,2023,0.397,7.303,4.950833333,4.05,14.286,21.63692924573543,41.637608453479274,23.098229782968374,13.627232517816918,-2.3521666669999997,17.794,0.7387093817332602,4.4
GBR,2024,1.101,2.53,5.001666667,4.275,14.312,21.55422809981948,41.475225744080966,23.433039899517766,13.537506256581791,2.4716666670000005,17.679,0.6627975606031677,4.3
GRC,1990,,20.434,23.3,7.0,22.031,25.12819385548766,49.71582554035503,19.13034543982948,6.025635164327839,2.8659999999999997,25.692,0.3958489490987427,3.2
GRC,1991,3.102,19.456,28.6,7.7,25.04,24.583141709367275,49.362367614521276,19.59185162502945,6.462639051082,9.144000000000002,26.551,0.4694356974863867,3.1
GRC,1992,0.697,15.877,28.7,8.7,21.764,24.117555444218088,49.02764695142407,19.962609657849313,6.892187946508528,12.822999999999999,23.628,0.5166618736418993,3.0
GRC,1993,-1.599,14.411,19.9,9.7,21.721,23.662366634060813,48.71747383172199,20.30253870002936,7.317620834187856,5.488999999999999,22.415,0.5101982457446974,2.9
GRC,1994,2.0,10.873,17.5,9.6,21.021,23.18184543389164,48.43873783179177,20.641143094149346,7.738273640167244,6.627000000000001,21.148,0.5138795940611285,2.8
GRC,1995,2.1,8.788,16.40414607,10.0,18.274,22.677966728472498,48.1776121636988,20.989360014742516,8.155061093086195,7.616146069999999,20.654,0.5061502631384274,2.9
GRC,1996,1.382,7.873,13.78157091,10.3,18.119,22.296364833567957,47.93054830237804,21.17700244463618,8.596084419417828,5.908570909999999,21.694,0.48335741540888044,3.1
GRC,1997,3.603,5.441,12.88378603,10.3,17.234,21.926138580772097,47.73228177447027,21.309884606242044,9.031695038515577,7.44278603,21.071,0.4942725126016345,3.0
GRC,1998,3.437,4.517,13.91549525,11.2,20.96,21.56460047572884,47.557849071637456,21.41525256784072,9.462297884792985,9.39849525,23.674,0.4997399345246567,2.7
GRC,1999,2.659,2.141,10.31317284,12.125,19.452,21.190104298113607,47.43083685928641,21.4899192534492,9.88913958915079,8.17217284,23.182,0.4921731804373941,3.0
GRC,2000,4.138,2.897,7.884647718,11.35,19.889,20.83162418091682,47.35668971452711,21.50191488444151,10.309771220114564,4.987647718,26.038,0.5097385563067158,3.4
GRC,2001,4.65,3.642,4.261780438,10.775,17.889,20.521274072829385,47.53428369866414,21.54643061501379,10.398011613492688,0.6197804379999998,24.998,0.5613516547671393,3.3
GRC,2002,4.683,3.921,3.318601627,10.35,17.181,20.176023851716284,47.75126602511936,21.57452988721003,10.498180235954328,-0.6023983729999998,23.615,0.4345779716408593,3.3
GRC,2003,5.797,3.45,2.333474191,9.775,19.592,19.789917471045165,47.931205752160714,21.663011240310116,10.615865536484,-1.116525809,26.062,0.25881323313330373,3.4
GRC,2004,5.378,3.02,2.10632298,10.6,19.436,19.472357984210905,47.985585207692196,21.809807117520652,10.73224969057624,-0.9136770200000002,25.109,0.2646387026168817,3.7
GRC,2005,1.183,3.486,2.184689332,10.0,14.579,19.225283523171388,47.88501323632507,22.04669405587217,10.843009184631356,-1.3013106680000002,22.094,0.3102846981769103,4.0
GRC,2006,6.443,3.314,3.079211845,9.0,15.181,19.009907632040676,47.58898915573914,22.35549711383885,11.045606098381338,-0.23478815499999994,26.222,0.31662821277582687,4.2
GRC,2007,3.507,2.989,4.277596427,8.4,12.311,18.846232661805757,47.20976369479754,22.69184494850116,11.252158694895538,1.2885964269999999,26.439,0.2689971095496624,4.3
GRC,2008,0.058,4.23,4.634232681,7.75,10.09,18.7049493755999,46.82576814104198,23.013230630452348,11.456051852905766,0.40423268099999987,24.769,0.28187798975649603,4.6
GRC,2009,-4.119,1.347,1.22834975,9.6,7.846,18.57693177815154,46.431856878094656,23.332473898028542,11.658737445725267,-0.11865024999999996,18.864,0.28164088201072524,4.1
GRC,2010,-5.694,4.704,0.810953933,12.725,8.025,18.47302436836329,45.97727842713536,23.67384830291595,11.875848901585396,-3.8930460669999998,18.091,0.14944991789300754,4.4
GRC,2011,-9.877,3.118,1.390599744,17.85,3.902,18.467271593123087,45.81620219962591,23.964591813720304,11.751934393530705,-1.727400256,14.043,-0.14226489414965737,4.6
GRC,2012,-8.331,1.035,0.573181087,24.425,9.665,18.502982925649857,45.54987227670146,24.272413917166876,11.67473088048181,-0.4618189129999999,12.26,-0.5450252314743387,4.5
GRC,2013,-2.272,-0.854,0.220661223,27.475,9.51,18.566477142254453,45.21437235631817,24.60110359291584,11.618046908511532,1.0746612229999999,12.118,-0.7309451976651005,4.6
GRC,2014,0.792,-1.394,0.209945672,26.5,9.614,18.58905489051324,44.90192360504175,24.955273565312712,11.553747939132299,1.6039456719999998,12.123,-0.6781283369776347,4.5
GRC,2015,-0.228,-1.094,-0.019375701,24.9,10.509,18.578843123297712,44.601718756822734,25.333113388647572,11.486324731231985,1.0746242990000001,11.996,-0.6633883728849765,3.9
GRC,2016,-0.032,0.013,-0.263695659,23.55,10.092,18.499597791435093,44.113304584175374,25.67135421229485,11.71574341209469,-0.27669565900000004,12.466,-0.41954448808684264,3.8
GRC,2017,1.473,1.138,-0.329056116,21.45,9.319,18.470731504207432,43.67664172897216,25.931551708096695,11.92107505872372,-1.467056116,11.886,-0.20389301512019342,3.9
GRC,2018,2.065,0.774,-0.322092958,19.3,9.371,18.414015636329058,43.264494538570055,26.19342924906136,12.128060576039527,-1.096092958,12.927,-0.21100041209712872,4.2
GRC,2019,2.277,0.517,-0.35631935,17.325,9.86,18.33199850110679,42.88183257187487,26.462240248249408,12.32392867876893,-0.87331935,12.072,-0.11432465677092551,4.0
GRC,2020,-9.196,-1.262,-0.425159625,16.325,6.293,18.160617696239846,42.5758612493877,26.735156063876293,12.528364990496168,0.836840375,13.53,-0.17918892300565759,3.7
GRC,2021,8.654,0.574,-0.548756293,14.775,10.475,17.955045582704233,42.11836389052438,27.256348349425842,12.670242177345544,-1.122756293,17.459,-1.1197669694353096,4.2
GRC,2022,5.744,9.3,0.341555419,12.425,9.277,17.748077307231323,41.65828409754448,27.720086857309695,12.873551737914502,-8.958444581,19.954,-1.5792810306590188,4.6
GRC,2023,2.332,4.155,3.430800561,11.075,9.956,17.537118485437997,41.37930647335178,27.99690146602403,13.08667357518619,-0.7241994390000004,16.657,-1.6285409431758824,4.4
GRC,2024,2.272,2.997,3.57091273,10.1,11.187,17.273723101929658,40.911336308739315,28.474171477952453,13.340769111378576,0.57391273,18.119,-1.9046543274305217,4.3
IRL,1990,7.711,3.357,11.30666667,17.2,19.34,34.58327475841046,44.405478287248386,14.524057645692197,6.48718930864896,7.94966667,22.194,0.08394875579968986,3.2
IRL,1991,1.642,3.132,10.4275,19.0,18.802,34.19799901535257,44.835447873104975,14.52256766621584,6.443985445326603,7.2955000000000005,20.18,0.5760357516665815,3.1
IRL,1992,3.579,3.15,14.31833333,16.3,16.725,33.70345723566717,45.38517505376683,14.517143980434014,6.394223730131989,11.16833333,17.262,0.6836225970924703,3.0
IRL,1993,2.314,1.418,9.119166667,16.7,18.867,33.176527534575165,45.94603875371142,14.520838494883565,6.3565952168298505,7.701166667,16.069,0.4974397352083937,2.9
IRL,1994,5.894,2.366,5.93,15.1,19.097,32.668013218922354,46.4861545729274,14.520041117984695,6.325791090165568,3.5639999999999996,17.173,0.3924502575695321,2.8
IRL,1995,9.593,2.518,6.2475,14.1,20.894,32.160881957140134,47.037829538175046,14.517404811314826,6.283883693370005,3.7295,18.93,0.5721338331629688,2.9
IRL,1996,9.092,2.18,5.418333333,11.8,22.771,31.450495244068378,47.15530454919858,14.478620226032143,6.915579980700887,3.2383333329999995,20.593,0.7702667933642715,3.1
IRL,1997,10.747,1.253,6.091666667,9.858,24.407,30.750197594554347,47.28229028597259,14.442076713660473,7.525435405812582,4.838666667,22.229,0.9284984591215739,3.0
IRL,1998,8.765,2.13,5.425833333,7.55,24.459,30.035158290451534,47.45771001301914,14.393899770511146,8.113231926018171,3.295833333,24.096,1.0560433298818062,2.7
IRL,1999,10.53,2.412,2.963488346,5.917,24.521,29.291878695022238,47.68375439239262,14.342634269821971,8.68173264276317,0.5514883460000002,24.636,1.1280832891075843,3.0
IRL,2000,9.403,5.303,4.39176543,4.383,25.122,28.51023711501518,47.9885262262382,14.28245522453804,9.218781434208571,-0.9112345699999995,24.508,1.322897063966555,3.4
IRL,2001,5.306,3.998,4.261780438,4.183,24.435,27.6371796806663,47.86698666133745,14.186417173680121,10.30941648431613,0.2637804379999995,24.256,1.5882879672644012,3.3
IRL,2002,5.9,4.686,3.318601627,4.733,24.329,26.846590366717805,47.67459270759433,14.12700146088412,11.35181546480374,-1.367398373,24.082,1.694598031934369,3.3
IRL,2003,3.014,4.0,2.333474191,4.85,26.236,26.20841561407837,47.29618188124775,14.132356274269434,12.363046230404453,-1.666525809,25.744,1.6416682130808713,3.4
IRL,2004,6.789,2.31,2.10632298,4.75,27.12,25.618272902458877,46.912398954812446,14.155540326524576,13.313787816204096,-0.2036770200000002,27.218,1.831472338017015,3.7
IRL,2005,5.739,2.201,2.184689332,4.633,26.769,25.029131582823222,46.67242961010607,14.122608707371146,14.175830099699564,-0.016310668000000028,30.31,2.1942470415803994,4.0
IRL,2006,4.988,2.674,3.079211845,4.767,26.54,24.567056961858526,46.87793402209414,14.093135563987582,14.461873452059754,0.4052118450000002,31.893,2.7313054895886646,4.2
IRL,2007,5.31,2.889,4.277596427,5.008,22.738,24.3101021892959,46.8685059085975,14.125989840020962,14.695402062085625,1.388596427,29.248,2.9220426691248136,4.3
IRL,2008,-4.484,3.119,4.634232681,6.8,18.412,24.332057995102318,46.32436093673215,14.320315907302264,15.023265160863259,1.515232681,24.667,2.10506945125688,4.6
IRL,2009,-5.096,-1.676,1.22834975,12.65,15.637,24.467218321602058,45.37446688746981,14.669095265907794,15.489219525020333,2.9043497499999997,20.304,1.0644784958179443,4.1
IRL,2010,1.683,-1.636,0.810953933,14.608,15.984,24.580814550304,44.33022671240689,15.065067952306165,16.02389078498293,2.4469539329999996,17.271,0.5586542889862711,4.4
IRL,2011,1.65,1.213,1.390599744,15.4,15.398,24.582779837333046,44.0645863915045,15.27515106387508,16.07748270728737,0.1775997439999999,17.079,0.4501456434192752,4.6
IRL,2012,-0.399,1.892,0.573181087,15.492,16.503,24.555788833885636,43.810521089394825,15.503118171391606,16.130571905327933,-1.3188189129999999,19.858,0.448281264585737,4.5
IRL,2013,2.192,0.538,0.220661223,13.775,20.732,24.48697441437382,43.610625282384,15.73329565149984,16.16910465174234,-0.317338777,18.337,0.5337781611484127,4.6
IRL,2014,9.336,0.301,0.209945672,11.892,23.973,24.372912636396784,43.499803627487076,15.951358007968036,16.175925728148098,-0.09105432799999999,21.911,0.7254978256364009,4.5
IRL,2015,24.616,-0.05,-0.019375701,9.925,32.191,24.201310923347577,43.49906762102692,16.153782030657396,16.14583942496811,0.030624299000000004,26.059,0.9498976920138569,3.9
IRL,2016,1.223,-0.183,-0.263695659,8.375,34.352,24.07948201568401,43.04059343183332,16.436135624611996,16.443788927870667,-0.08069565900000003,35.595,1.0848727492495103,3.8
IRL,2017,10.049,0.259,-0.329056116,6.758,35.16,23.932462701344345,42.64535777220381,16.706743844746033,16.715435681705802,-0.588056116,34.017,1.1940141828036932,3.9
IRL,2018,7.545,0.7,-0.322092958,5.808,32.488,23.727409569783248,42.329116620631616,16.982025140606403,16.961448668978736,-1.022092958,28.197,1.2950442081047564,4.2
IRL,2019,5.041,0.885,-0.35631935,4.992,32.989,23.443056853655964,42.07316076992945,17.277791730034576,17.205990646380016,-1.24131935,53.713,1.2505860631038423,4.0
IRL,2020,7.158,-0.459,-0.425159625,5.842,35.392,23.11329421659126,41.79122914884007,17.60952826597886,17.485948368589817,0.033840375000000034,42.463,0.9955526421351335,3.7
IRL,2021,16.255,2.413,-0.548756293,6.258,35.276,22.866760181691067,41.81768229438818,17.988941071116596,17.326616452804164,-2.9617562929999997,23.111,0.9195789392560272,4.2
IRL,2022,8.62,8.074,0.341555419,4.467,31.68,22.630420592657693,41.92411940824837,18.39549214674594,17.049967852348004,-7.732444581,22.919,1.6225754960474292,4.6
IRL,2023,-5.53,5.201,3.430800561,4.308,34.424,22.336494997719676,42.01062034433855,18.8870960603314,16.765788597610374,-1.7701994389999998,26.332,1.694994858626142,4.4
IRL,2024,1.221,1.323,3.57091273,4.3,34.571,22.043684916368022,42.048556451048924,19.328251523424996,16.579507109158058,2.24791273,17.413,1.1235646948118516,4.3
ISL,1990,1.169,15.513,14.83333333,2.594,16.533,31.99088816815686,49.930640987154355,14.317583834150533,3.7608870105382533,-0.6796666699999996,21.177,0.7842578915209009,3.2
ISL,1991,-0.224,6.809,14.64166667,2.925,15.693,31.859067847889165,49.74508556622656,14.43373465936419,3.9621119265201004,7.832666669999999,22.24,1.1688023748839926,3.1
ISL,1992,-3.374,3.959,10.4975,4.665,15.413,31.658846735737406,49.708945362621364,14.478158454143289,4.154049447497942,6.538500000000001,20.179,1.2695297348455314,3.0
ISL,1993,1.313,4.083,8.783333333,5.764,17.306,31.43592135095582,49.70347369139425,14.509429240883549,4.35117571676638,4.700333333,18.824,1.0222724400099636,2.9
ISL,1994,3.609,1.55,4.891666667,5.776,17.641,31.2313124991778,49.666213750241965,14.551810068275742,4.550663682304498,3.341666667,17.887,0.8718351190882379,2.8
ISL,1995,0.117,1.655,7.004166667,5.25,18.373,31.020896415087286,49.59814586370603,14.619266569474037,4.761691151732646,5.3491666669999995,18.192,0.5474462842999683,2.9
ISL,1996,4.567,2.252,6.991666667,4.153,18.306,30.76948245092207,49.6089009518144,14.651063355145746,4.970553242117787,4.739666667,20.759,0.542035811745345,3.1
ISL,1997,5.772,1.796,7.066666667,4.204,19.421,30.551967387516616,49.63030704188478,14.655336127249164,5.162389443349453,5.2706666669999995,21.775,0.8270746579417176,3.0
ISL,1998,7.363,1.703,7.457833333,3.314,18.664,30.32882604341664,49.71965787644808,14.61412600346939,5.337390076665883,5.754833333,25.863,1.079338974019528,2.7
ISL,1999,4.035,3.22,9.334,2.489,16.454,30.029735301750236,49.93346500965948,14.53623742106629,5.500562267524005,6.113999999999999,23.57,1.2172054072886462,3.0
ISL,2000,4.985,5.12,11.21225,2.633,14.735,29.667946530147894,50.218287827076225,14.463879408418661,5.649886234357225,6.092249999999999,24.932,1.3811597128110753,3.4
ISL,2001,4.013,6.396,11.9875,2.791,18.646,29.1606984678261,50.11939905806825,14.471228984134498,6.248673489971146,5.591500000000001,22.901,1.341190273037518,3.3
ISL,2002,0.56,5.177,8.974333333,3.515,21.019,28.69457280247004,49.83265358631744,14.612022655915885,6.860750955296637,3.797333333000001,19.81,0.8961507090799348,3.3
ISL,2003,2.143,2.062,5.349916667,3.525,16.404,28.317328775400973,49.37770411422455,14.828576854681378,7.476390255693101,3.2879166669999997,21.292,0.6946979732760372,3.4
ISL,2004,7.802,3.152,6.288416667,3.417,14.797,27.977074872890135,48.91078264768446,15.04419538725085,8.067947092174549,3.1364166669999998,24.845,0.8851711814367613,3.7
ISL,2005,6.125,4.0,9.35875,2.883,13.163,27.576983133699084,48.626423141514884,15.208643200167101,8.587950524618936,5.358750000000001,28.871,1.5970236353337386,4.0
ISL,2006,6.317,6.674,12.35416667,3.2,13.361,27.07681473242199,48.62196173413981,15.280445184517266,9.020778348920935,5.680166669999999,36.072,2.3715235257357303,4.2
ISL,2007,8.455,5.066,14.29066667,2.492,15.999,26.59366822771021,48.6671768535587,15.327458162268309,9.411696756462769,9.224666670000001,29.575,2.5591198983789143,4.3
ISL,2008,2.21,12.68,15.82383333,3.325,5.23,26.291460704944182,48.37968029806514,15.486347867577704,9.842511129412987,3.1438333299999996,26.021,1.8815949276513422,4.6
ISL,2009,-7.664,12.006,11.28166667,8.008,6.41,26.177011537544097,47.53006791960127,15.881762143296548,10.411158399558085,-0.7243333300000003,15.323,0.3456535055879506,4.1
ISL,2010,-2.833,5.394,6.789166667,8.317,7.814,25.993688670409043,46.58534438863709,16.391541309663747,11.029425631290115,1.3951666669999998,13.909,-0.14249306366366232,4.4
ISL,2011,1.846,3.99,4.256666667,7.95,10.856,25.777769421909714,46.155224872076886,16.821929140149837,11.245076565863563,0.26666666699999997,15.583,0.30770874848347063,4.6
ISL,2012,1.064,5.195,5.513333333,6.85,12.436,25.54534106510868,45.79714842733384,17.223978892939016,11.433531614618479,0.318333333,16.016,0.5337832968286493,4.5
ISL,2013,4.552,3.885,6.188333333,6.092,21.722,25.26454564962,45.5879315375341,17.575655594338123,11.571867218507775,2.3033333330000003,15.47,0.9490697090922096,4.6
ISL,2014,1.687,2.035,6.0525,5.508,21.627,24.953429258425253,45.44394488759972,17.91580474027709,11.68682111369795,4.0175,17.224,1.119840190437671,4.5
ISL,2015,4.437,1.631,5.891666667,4.592,25.03,24.598015117018658,45.318724949123954,18.277300450368106,11.805959483489273,4.260666667,19.404,1.0500362581580713,3.9
ISL,2016,6.304,1.693,6.279166667,3.442,29.181,24.086168901894812,44.17464430296194,18.52527091680363,13.213915878339616,4.5861666670000005,21.084,1.3965792570814761,3.8
ISL,2017,4.195,1.768,5.063333333,3.3,25.962,23.50791703235366,43.425944927903274,18.62414363748303,14.441994402260052,3.2953333330000003,21.741,2.371462585692874,3.9
ISL,2018,4.889,2.677,4.7225,3.133,26.368,22.913556315076487,42.85333310661067,18.679028720093857,15.554081858218982,2.0455,22.109,2.713724942254192,4.2
ISL,2019,1.861,3.006,4.393333333,3.9,27.221,22.458362154646736,42.03986975307701,18.824838958745442,16.67692913353082,1.3873333330000004,20.674,2.223440856558234,4.0
ISL,2020,-6.94,2.848,2.006666667,6.267,22.422,22.19377874276487,40.88100836301942,19.079740544550944,17.84547234966477,-0.8413333329999997,21.326,1.6397305790554206,3.7
ISL,2021,5.033,4.458,1.789166667,5.842,20.179,22.127448888817327,40.930138322552246,19.385686319498394,17.556726469132027,-2.6688333330000003,22.997,1.6446453217825674,4.2
ISL,2022,8.979,8.307,5.126666667,3.592,22.146,22.022686670759327,41.209999592486504,19.566563386095385,17.200750350658794,-3.180333333,24.523,2.069538312086472,4.6
ISL,2023,5.646,8.74,9.035,3.375,26.347,21.857014765550915,41.490230481928485,19.771646787895993,16.881107964624604,0.29499999999999993,25.507,1.893491746537146,4.4
ISL,2024,0.517,5.859,9.485,3.367,24.037,21.679836195380982,41.63189462004522,20.05767732472791,16.630591859845882,3.6259999999999994,26.567,1.5063571212013516,4.3
ISR,1990,6.633,17.173,,9.567,17.67,37.04901805258923,25.47883948929361,1.5490542462165584,35.92308821190059,,21.539,3.7313391958480047,3.2
ISR,1991,4.618,19.006,,10.585,20.697,36.51523743383608,26.95225276651269,1.7074327764271546,34.82507702322408,,28.305,5.168108947878736,3.1
ISR,1992,7.155,11.948,11.87024122,11.155,21.439,36.0806965491671,28.023110853261425,1.6735791180492072,34.22261347952226,-0.07775877999999992,28.203,3.710305436977146,3.0
ISR,1993,3.771,10.944,11.0924571,10.015,19.573,35.69356936480114,28.797556844266996,1.5258358901661278,33.98303790076572,0.1484570999999999,28.697,2.598362233162921,2.9
ISR,1994,7.011,12.342,12.80344853,7.828,18.334,35.293416843350855,29.60350888526357,1.359731378048517,33.74334289333706,0.4614485300000002,27.732,2.568882107806769,2.8
ISR,1995,9.654,10.043,14.70411217,6.863,24.188,34.835221178401156,30.369316820980146,1.3263206037045507,33.469141396914154,4.661112170000001,28.891,2.646098361617333,2.9
ISR,1996,5.91,11.277,15.666791,8.325,24.567,34.456153379052815,31.044606091969502,1.69638742359263,32.80285310538505,4.389791000000001,29.213,2.7043897661855887,3.1
ISR,1997,3.702,9.001,13.76988026,9.525,24.937,34.13302073701583,31.753267924950674,1.9549708286925291,32.158740509340966,4.768880260000001,27.985,2.671517850137417,3.0
ISR,1998,4.036,5.435,11.94114708,10.675,25.331,33.91566007039553,32.3351214305699,2.184188983340646,31.565029515693922,6.506147080000001,26.302,2.5443670765803894,2.7
ISR,1999,3.337,5.194,12.03709423,11.075,25.362,33.706331422859144,32.96409962831817,2.3934892909707526,30.936079657851923,6.843094229999999,26.629,2.6932077635428264,3.0
ISR,2000,8.609,1.125,9.045343111,10.9,24.247,33.48144686374937,33.63415033453793,2.5906490723861397,30.29375372932655,7.920343110999999,25.704,2.7767871625687057,3.4
ISR,2001,0.276,1.116,6.531512358,11.625,24.084,33.343111849203396,34.17037301385212,2.790777992652372,29.69573714429211,5.415512357999999,25.514,2.4347383705351833,3.3
ISR,2002,-0.09,5.687,7.167583007,12.875,23.324,33.22981073292276,34.62849926331298,2.9202033683539157,29.221486635410336,1.480583007,24.187,2.0405410111402844,3.3
ISR,2003,1.461,0.67,6.611959484,13.4,23.478,33.142642730384665,35.029634835348354,3.0059897090800582,28.821732725186916,5.941959484,22.897,1.8019028543754922,3.4
ISR,2004,4.678,-0.414,4.26229058,12.9,24.259,33.07685196907826,35.35247719701364,3.122608733444568,28.448062100463524,4.67629058,22.809,1.72644329690812,3.7
ISR,2005,4.229,1.329,3.881250251,11.2,26.593,33.013755821388344,35.57821356837172,3.324719843595752,28.083310766644182,2.5522502510000002,23.635,1.7100076151676191,4.0
ISR,2006,5.608,2.107,5.462432268,10.45,27.607,33.11841127557639,35.82944204742483,3.2492296389927477,27.80291703800603,3.3554322679999995,23.652,1.721491583343293,4.2
ISR,2007,6.065,0.516,4.255371621,9.15,27.483,33.26260636513989,35.91070391119226,3.3051071784305983,27.521582545237273,3.739371621,24.441,1.7303178689344278,4.3
ISR,2008,3.209,4.594,3.561983221,7.65,24.228,33.43223034468669,35.96966546492221,3.355147999246887,27.242956191144224,-1.032016779,23.229,1.7259070256109288,4.6
ISR,2009,1.238,3.317,0.639403098,9.425,24.325,33.623892881804515,36.045761810555945,3.3691085991638183,26.961236708475717,-2.6775969020000003,21.162,1.743358972854736,4.1
ISR,2010,5.534,2.694,1.641669621,8.25,24.919,33.8506638170794,36.06206302939932,3.42432294474313,26.662950208778156,-1.052330379,21.538,1.8128956372493565,4.4
ISR,2011,5.519,3.45,2.797905532,7.05,24.988,34.00032726444071,35.941439073433386,3.7258621560837257,26.33237150604218,-0.652094468,23.447,1.8303441517241392,4.6
ISR,2012,2.538,1.708,2.251856065,6.875,24.293,34.15484581869837,35.83432776484548,4.005806949871911,26.005019466584244,0.5438560650000002,23.914,1.8305124900908964,4.5
ISR,2013,4.085,1.526,1.319207273,6.217,25.31,34.31503092054214,35.74461902044021,4.267167730472336,25.67318232854529,-0.20679272700000007,22.335,1.8612327208967105,4.6
ISR,2014,3.776,0.476,0.546534655,5.9,27.09,34.46925668013856,35.677588161544776,4.519810175253718,25.33334498306294,0.070534655,22.877,1.9072496002582762,4.5
ISR,2015,2.238,-0.632,0.123024944,5.242,27.317,34.63325703998747,35.62375631115143,4.761615011520369,24.981371637340718,0.755024944,22.095,1.9719636594282663,3.9
ISR,2016,4.46,-0.545,0.106432033,4.825,26.824,34.7245309397174,35.8181574908811,5.09561534398485,24.361696225416658,0.6514320330000001,23.065,1.9508106915656853,3.8
ISR,2017,4.347,0.242,0.115292949,4.225,26.813,34.78545310209355,36.042301436061024,5.391874820201616,23.780370641643817,-0.126707051,23.176,1.848853816236784,3.9
ISR,2018,4.004,0.807,0.138578089,3.983,27.133,34.814583411304724,36.29116881754096,5.6648664261319235,23.22938134502239,-0.668421911,24.131,1.7731835497311943,4.2
ISR,2019,3.71,0.842,0.233698293,3.842,27.07,34.80961767832049,36.56009016024767,5.930768027718012,22.699524133713826,-0.608301707,23.865,1.7321545019654216,4.0
ISR,2020,-2.022,-0.587,0.08395847,4.308,28.714,34.75870235544482,36.855862749500695,6.186667478753181,22.198767416301305,0.67095847,24.69,1.6506200307387697,3.7
ISR,2021,9.388,1.492,-0.007977717,4.967,29.157,34.67865573504507,37.021675627475105,6.454745312900721,21.844923324579113,-1.499977717,25.884,1.6198001085408364,4.2
ISR,2022,6.263,4.395,1.032977935,3.767,30.611,34.5731494512175,37.28028899004312,6.686135383231592,21.4604261755078,-3.3620220649999997,27.282,1.7916566331293682,4.6
ISR,2023,1.827,4.208,4.371196135,3.45,29.859,34.405860691415604,37.57570778173688,6.913108176753728,21.10532335009378,0.16319613499999974,26.11,1.682527291923419,4.4
ISR,2024,0.872,3.071,4.310664538,2.975,26.628,34.25435502914077,37.786295567038785,7.147901341650352,20.811448062170097,1.239664538,23.493,1.4120847672194126,4.3
ITA,1990,2.052,6.395,12.22985,8.858,19.929,23.533109672542363,53.6748725858793,20.28775226638753,2.5042654751908087,5.834850000000001,23.204,0.09600143075891854,3.2
ITA,1991,1.435,6.215,12.20833333,8.533,19.032,22.668438194823835,54.00417940175918,20.70354416391365,2.6238382395033333,5.9933333300000005,22.937,0.07704520453788444,3.1
ITA,1992,0.834,4.982,14.01333333,8.808,18.267,21.88853286353777,54.27646389326688,21.092047815606165,2.7429554275891816,9.031333329999999,22.3,0.08689559012851067,3.0
ITA,1993,-0.853,4.499,10.19916667,9.833,19.52,21.392223317080592,54.33383393594175,21.411885464849533,2.8620572821281285,5.700166670000001,19.521,0.08012955520984022,2.9
ITA,1994,2.151,4.167,8.5075,10.633,19.856,20.77963431575173,54.178085744064234,22.07188129711566,2.9703986430683953,4.3405000000000005,19.582,0.43619235555598657,2.8
ITA,1995,2.887,5.387,10.45666667,11.15,22.088,20.292048842067885,54.223216980383725,22.392659932779,3.0920742447693836,5.069666670000001,20.578,-0.029248449385477215,2.9
ITA,1996,1.525,3.985,8.82,11.15,22.338,19.96973413752714,54.42848430414763,22.375341182188897,3.2264403761363423,4.835000000000001,19.831,-0.4202751709053487,3.1
ITA,1997,1.926,1.849,6.875833333,11.242,22.609,19.647357827559084,54.316187382303646,22.690289592675285,3.3461651974619824,5.026833333,20.013,0.047554243182301725,3.0
ITA,1998,1.804,2.031,4.991666667,11.333,21.884,19.40533838436921,54.09869837985083,23.03011047179085,3.465852763989118,2.9606666669999995,20.233,0.045323183807832734,2.7
ITA,1999,1.678,1.651,2.963488346,10.942,21.505,19.222899729464814,53.77559853571924,23.416050004962806,3.5854517298531396,1.312488346,20.705,0.044750350363664815,3.0
ITA,2000,3.882,2.58,4.39176543,10.1,21.052,19.061950068564247,53.43321169810555,23.80026929821,3.7045689351202027,1.8117654300000003,21.324,0.05485248428183098,3.4
ITA,2001,2.006,2.324,4.261780438,9.1,21.459,18.801013207040505,52.73565787509268,24.121167888523182,4.342161029343638,1.9377804379999999,21.305,0.05860435263731478,3.3
ITA,2002,0.27,2.612,3.318601627,8.608,21.556,18.550987970307357,52.111353363388446,24.365701855139083,4.971956811165116,0.706601627,22.052,0.20044581731011313,3.3
ITA,2003,0.067,2.813,2.333474191,8.45,20.796,18.333553834425082,51.624357099610094,24.462653676112854,5.579435389851963,-0.4795258090000001,21.58,0.5556740040850272,3.4
ITA,2004,1.474,2.257,2.10632298,8.017,21.162,18.15737329718773,51.154436427446626,24.520485185337183,6.167705090028467,-0.15067702000000027,21.642,0.7569116354416705,3.7
ITA,2005,0.762,2.207,2.184689332,7.758,20.646,18.060842356093705,50.53697821005315,24.64412962658571,6.758049807267444,-0.02231066799999981,21.526,0.5895062437971887,4.0
ITA,2006,1.799,2.229,3.079211845,6.867,20.891,17.98690083521017,49.768978453081154,24.889083177774857,7.355037533933823,0.850211845,22.36,0.4011299239044197,4.2
ITA,2007,1.462,2.025,4.277596427,6.2,21.258,17.924518074490532,48.9694290453253,25.174852204547825,7.931200675636352,2.252596427,22.62,0.6029962028567315,4.3
ITA,2008,-1.023,3.492,4.634232681,6.792,19.316,17.82938222498881,48.2484759833184,25.435726598999448,8.486415192693345,1.1422326810000003,22.039,0.766323479852038,4.6
ITA,2009,-5.305,0.765,1.22834975,7.875,17.881,17.69527751401553,47.53768764780782,25.71710253022208,9.049932307954572,0.46334975,19.702,0.5747428162037993,4.1
ITA,2010,1.529,1.62,0.810953933,8.508,17.574,17.53127727275349,46.85979853172849,25.988765115235534,9.620159080282493,-0.8090460670000001,20.797,0.4343657425073477,4.4
ITA,2011,0.695,2.935,1.390599744,8.575,17.935,17.51733717928588,46.65993841973528,26.22924514020738,9.593479260771451,-1.544400256,20.677,0.33851768326129683,4.6
ITA,2012,-3.125,3.315,0.573181087,10.892,17.769,17.49572350865495,46.50060518062368,26.430365570727915,9.573305739993456,-2.741818913,17.97,0.27106385275634803,4.5
ITA,2013,-1.818,1.245,0.220661223,12.367,18.036,17.473424634077546,46.34552732609297,26.621304954357527,9.559743085471952,-1.024338777,17.006,0.20213189773954365,4.6
ITA,2014,-0.001,0.234,0.209945672,12.783,18.831,17.455129177854182,46.09854286067353,26.882460432184423,9.56386752928786,-0.024054328000000014,17.077,0.016986550495134978,4.5
ITA,2015,0.886,0.108,-0.019375701,12.017,18.524,17.439043157447166,45.799911303805665,27.177392685826018,9.583652852921148,-0.127375701,17.281,-0.14647113411909718,3.9
ITA,2016,1.236,-0.05,-0.263695659,11.717,20.172,17.338968650763416,45.41793954118025,27.451677617392384,9.791414190663954,-0.21369565900000004,17.712,-0.16047543193995484,3.8
ITA,2017,1.604,1.326,-0.329056116,11.3,20.609,17.22772299360967,45.06451282472134,27.709479357270478,9.998284824398507,-1.6550561160000001,18.169,-0.14515913878423437,3.9
ITA,2018,0.827,1.243,-0.322092958,10.6,21.162,17.08331061548615,44.71995200663478,27.98674168603729,10.20999569184179,-1.5650929580000001,18.661,-0.1868171980813127,4.2
ITA,2019,0.429,0.634,-0.35631935,9.908,21.521,16.90482938538506,44.31255768322227,28.354124959903633,10.428487971489037,-0.99031935,18.364,-0.2444734829200046,4.0
ITA,2020,-8.868,-0.145,-0.425159625,9.358,21.66,16.72040729748278,43.893769122906,28.725328151666634,10.660495427944584,-0.280159625,17.899,-0.3614942763475515,3.7
ITA,2021,8.931,1.941,-0.548756293,9.508,24.101,16.51363944191591,43.63348671967802,29.15964178414799,10.693232054258083,-2.489756293,22.001,-0.30614341994443794,4.2
ITA,2022,4.821,8.736,0.341555419,8.125,22.873,16.32110956629522,43.360133267326546,29.605753369584182,10.713003796794062,-8.394444581,24.598,-0.18455834526908133,4.6
ITA,2023,0.715,5.903,3.430800561,7.683,23.065,16.107905227296797,43.03695699521809,30.120588671630312,10.734549105854805,-2.4721994389999997,22.927,-0.20070995854863938,4.4
ITA,2024,0.726,1.089,3.57091273,6.558,23.483,15.879225215054069,42.608970173281314,30.748930617052935,10.762873994611686,2.48191273,22.353,-0.26317216731386317,4.3
JPN,1990,4.841,3.071,7.718333333,2.1,32.882,26.129872395339948,55.433468027404544,17.5652502967297,0.871409280525815,4.647333333000001,35.452,0.36792274758965515,3.2
JPN,1991,3.523,3.273,7.384166667,2.092,32.953,25.370159863069674,55.5711576113077,18.14438033495241,0.9143021906702211,4.111166666999999,35.212,0.3971693155054634,3.1
JPN,1992,0.901,1.727,4.4625,2.15,32.385,24.571769498026903,55.7175712904361,18.753830842355296,0.9568283691817112,2.7355,33.537,0.3986096668007866,3.0
JPN,1993,-0.459,1.255,2.979166667,2.5,31.413,23.749137756038017,55.90690169889355,19.344641560997644,0.9993189840707893,1.724166667,31.768,0.366808892555337,2.9
JPN,1994,1.083,0.69,2.234166667,2.892,29.826,22.955245015497855,56.07021360392377,19.9329635209432,1.0415778596351688,1.5441666670000003,30.652,0.35798033511034166,2.8
JPN,1995,2.631,-0.088,1.2325,3.15,29.034,22.261815248367657,56.112211832223025,20.54190980990178,1.0840631095075448,1.3205,30.934,0.307936920488161,2.9
JPN,1996,3.134,0.138,0.587916667,3.367,33.427,21.666838869733372,56.038816402281775,21.16143567570094,1.1329090522839151,0.449916667,32.027,0.24081370439625882,3.1
JPN,1997,0.981,1.699,0.597666667,3.4,33.228,21.14843498280522,55.91167067721017,21.75826109036904,1.1816332496155795,-1.101333333,31.11,0.23070157037607952,3.0
JPN,1998,-1.27,0.652,0.717083333,4.1,32.4,20.690153735566252,55.79824147577849,22.28139943473834,1.2302053539169089,0.06508333300000002,29.591,0.22432971605508278,2.7
JPN,1999,-0.334,-0.347,0.245575,4.667,30.665,20.285879754606178,55.6047907263983,22.83045775365988,1.2788717653356385,0.592575,28.2,0.1994347162151966,3.0
JPN,2000,2.765,-0.687,0.247325,4.733,31.046,19.93752760665621,55.22353301764545,23.511321211770447,1.3276181639278948,0.9343250000000001,28.417,0.1784086827193887,3.4
JPN,2001,0.386,-0.694,0.121125,5.042,29.725,19.64063997473899,54.71939754462646,24.26367443797095,1.3762880426635995,0.815125,27.755,0.1829198176471758,3.3
JPN,2002,0.042,-0.897,0.060258333,5.358,28.508,19.368241644374955,54.20029296401751,25.006596483129673,1.4248689084778694,0.957258333,25.899,0.17637100343461665,3.3
JPN,2003,1.535,-0.263,0.088333333,5.242,28.746,19.097962316128775,53.68967453099651,25.73864798372404,1.4737151691506678,0.351333333,25.661,0.14641258860150774,3.4
JPN,2004,2.186,-0.01,0.088333333,4.733,29.359,18.82895963998935,53.29882030053662,26.349299422151134,1.5229206373229018,0.098333333,25.638,0.11319893735042275,3.7
JPN,2005,1.804,-0.288,0.09,4.425,29.573,18.576970365102014,53.06140942049821,26.789028059901852,1.5725921544979236,0.378,26.052,0.0763258688243118,4.0
JPN,2006,1.372,0.256,0.324675,4.117,29.869,18.359072760529475,52.5956197612765,27.454590302811006,1.5907171753830096,0.06867499999999999,26.078,0.06560457746815906,4.2
JPN,2007,1.484,0.046,0.745833333,3.833,30.402,18.177373293397565,51.80326293983523,28.41062718271379,1.6087365840534145,0.699833333,25.769,0.07065347245065468,4.3
JPN,2008,-1.224,1.382,0.846666667,3.983,28.661,18.022934316218848,50.95386864086493,29.39618561723101,1.6270114256852135,-0.5353333329999999,25.87,0.053329093737519706,4.6
JPN,2009,-5.693,-1.331,0.578333333,5.075,25.348,17.898165383263795,50.169597832733835,30.28656148947969,1.6456752945226631,1.909333333,22.603,0.028464919977611025,4.1
JPN,2010,4.098,-0.742,0.383333333,5.058,26.429,17.801973354583826,49.48019926625737,31.052931781751063,1.6648955974077366,1.125333333,22.59,-0.0056122641431732845,4.4
JPN,2011,0.024,-0.277,0.332596667,4.583,25.624,17.72048632189659,48.88435382460788,31.7138026462993,1.6813572071962273,0.609596667,23.541,-0.06930788267216492,4.6
JPN,2012,1.375,-0.049,0.327210833,4.325,24.956,17.63995007046331,48.39662323308719,32.264532507412255,1.6988941890372404,0.37621083299999997,24.005,-0.13126634108252544,4.5
JPN,2013,2.005,0.332,0.236704167,4.008,25.299,17.560284794721113,47.99996207436782,32.722785382758275,1.7169677481527885,-0.09529583300000002,24.418,-0.15996423308575203,4.6
JPN,2014,0.296,2.758,0.204916667,3.583,25.787,17.457438989207684,47.7071724033563,33.0998483060234,1.7355403014126085,-2.553083333,25.036,-0.18558897146417896,4.5
JPN,2015,1.561,0.799,0.169666667,3.375,28.235,17.34451515938341,47.45432721351017,33.44733818265516,1.7538194444512645,-0.629333333,25.165,-0.1652973665950963,3.9
JPN,2016,0.754,-0.124,0.073666667,3.108,28.788,17.242720862640155,47.18330530026707,33.73381081280851,1.8401630242842735,0.19766666700000002,24.836,-0.09107892778342785,3.8
JPN,2017,1.675,0.486,0.059333333,2.817,29.343,17.129041750308442,47.01287887295833,33.931728476258826,1.926350900474396,-0.426666667,25.215,-0.07491431008808114,3.9
JPN,2018,0.643,0.989,0.072333333,2.433,29.169,16.99535090582315,46.87029578212692,34.120797181968896,2.01355613008103,-0.916666667,25.642,-0.11903975840967806,4.2
JPN,2019,-0.402,0.468,0.031083333,2.358,29.235,16.837821365461856,46.71822606990789,34.341942526676135,2.1020100379541184,-0.43691666700000004,25.79,-0.16862596478902647,4.0
JPN,2020,-4.169,-0.027,-0.035416667,2.8,28.191,16.6390372830849,46.57248631191358,34.594575905317996,2.193900499683531,-0.008416667,25.224,-0.311667163978846,3.7
JPN,2021,2.697,-0.235,-0.0655,2.817,29.718,16.407532716316503,46.501560582694985,34.88609241401319,2.2048142869753184,0.16949999999999998,25.825,-0.4949980302767165,4.2
JPN,2022,0.935,2.496,-0.0295,2.592,28.878,16.18401798153241,46.47820176163734,35.120940503343185,2.2168397534870636,-2.5255,26.77,-0.5424598910602096,4.6
JPN,2023,1.486,3.269,0.003833333,2.575,29.944,15.960243576662014,46.46731180099205,35.34443552699022,2.228009095355723,-3.265166667,26.182,-0.5013149134777795,4.4
JPN,2024,0.084,2.739,0.18575,2.567,31.033,15.75460234548903,46.373653961360034,35.632610030164834,2.239133662986108,-2.55325,26.24,-0.4968246342002325,4.3
KOR,1990,10.025,8.574,14.7,2.458,39.575,36.169874899921,56.25071756411153,7.48130045790033,0.09810707806714153,6.1259999999999994,40.153,1.2789499826615813,3.2
KOR,1991,10.875,9.333,18.30083333,2.45,39.581,35.145436175084356,57.019249243066085,7.701705365651682,0.13360921619787958,8.96783333,41.665,0.8115050358964204,3.1
KOR,1992,6.352,6.213,16.4125,2.525,38.62,34.20098874236499,57.638893936996695,7.991032545011115,0.16908477562719051,10.1995,39.113,0.48278376161559056,3.0
KOR,1993,6.995,4.801,12.96166667,2.9,38.641,33.326699671013614,58.17044742756893,8.298720473093274,0.20413242832419423,8.16066667,38.08,0.5240966061151209,2.9
KOR,1994,9.372,6.266,13.2875,2.475,38.322,32.51894987419966,58.62099842789322,8.621283266373023,0.2387684315340858,7.0215,38.908,0.5416113383428733,2.8
KOR,1995,9.736,4.481,14.05416667,2.067,38.063,31.79448557235031,58.9520535598045,8.980394305286172,0.2730665625590203,9.57316667,39.344,0.5264360188461437,2.9
KOR,1996,7.99,4.925,12.63416667,2.058,36.34,31.25470742215168,59.07571555582999,9.34539249962633,0.3241845223920108,7.709166670000001,39.708,0.595731496126084,3.1
KOR,1997,6.282,4.439,13.38166667,2.617,36.39,30.844399381374632,59.06553778409217,9.715627817541538,0.37443501699164977,8.94266667,37.382,0.6635530883170704,3.0
KOR,1998,-4.939,7.514,15.22,6.95,38.104,30.40947146201151,59.06540363634672,10.100973748551494,0.4241511530902697,7.706,28.128,0.6298026188131578,2.7
KOR,1999,11.617,0.813,6.809166667,6.583,35.687,29.84371117975523,59.18683551488167,10.496002581312077,0.4734507240510256,5.996166667000001,31.253,0.5829556231114141,3.0
KOR,2000,9.202,2.259,7.078333333,4.425,34.177,29.125099395058367,59.47000898781292,10.882673449789367,0.522218167339336,4.819333332999999,33.018,0.572636143663563,3.4
KOR,2001,4.726,4.067,5.3175,4.0,32.36,28.370687509687855,59.71031855049462,11.297032565711355,0.6219613741061776,1.2504999999999997,31.867,0.591889594170536,3.3
KOR,2002,7.744,2.762,4.805,3.258,31.81,27.641519465462366,59.87288537426399,11.764735244918562,0.7208599153550858,2.0429999999999997,31.306,0.543438889326775,3.3
KOR,2003,3.075,3.515,4.305833333,3.55,33.157,26.968448490213774,60.0220923612867,12.190064265157334,0.8193948833421986,0.7908333329999997,32.397,0.45463847472599905,3.4
KOR,2004,5.184,3.591,3.7875,3.658,35.614,26.362724691579885,60.169195069412574,12.550420622748664,0.9176596162588627,0.1964999999999999,32.685,0.3849694450562602,3.7
KOR,2005,4.358,2.754,3.649166667,3.75,33.934,25.79055486578476,60.29400473680695,12.899665474398331,1.0157749230099595,0.8951666669999998,32.714,0.32406284532056073,4.0
KOR,2006,5.245,2.242,4.475833333,3.475,32.975,25.197558227380274,60.30787944574401,13.301288101141681,1.1932742257340372,2.2338333329999998,33.004,0.32365345692197955,4.2
KOR,2007,5.842,2.535,5.160833333,3.258,33.57,24.664204975127873,60.17459648201081,13.792042128004647,1.369156414856674,2.625833333,33.249,0.3574535478437779,4.3
KOR,2008,3.004,4.674,5.4875,3.175,33.378,24.172090188591632,59.97830239674329,14.306033524805036,1.5435738898600444,0.8134999999999994,33.704,0.3702396555814058,4.6
KOR,2009,0.82,2.756,2.628333333,3.633,33.27,23.69374643107723,59.78639407243581,14.803568107578258,1.7162913889086948,-0.12766666699999973,29.558,0.39331532995992013,4.1
KOR,2010,6.982,2.939,2.671666667,3.708,35.061,23.20617059911575,59.614821465928415,15.292603194845858,1.886404740109986,-0.26733333299999984,32.779,0.45862244377894434,4.4
KOR,2011,3.688,4.026,3.4375,3.408,34.457,22.606492819058175,59.57795879218184,15.759332116143526,2.0562162726164552,-0.5884999999999998,33.261,0.7347055652238144,4.6
KOR,2012,2.548,2.187,3.2975,3.225,34.445,21.878760887478897,59.657499515696486,16.245264740601275,2.2184748562233274,1.1105,31.215,0.9606322762051311,4.5
KOR,2013,3.291,1.301,2.7225,3.1,34.639,21.129293088440154,59.712785589398464,16.78022986663312,2.3776914555282613,1.4215000000000002,29.899,0.9507842702577873,4.6
KOR,2014,3.215,1.275,2.491666667,3.492,34.686,20.382413557372477,59.694895366614055,17.388568925669773,2.5341221503437077,1.2166666670000001,29.789,0.9344520038075066,4.5
KOR,2015,2.92,0.706,1.77,3.592,35.914,19.667889742041467,59.49716412009699,18.14604887661474,2.688897261246815,1.064,29.312,0.8802222273425642,3.9
KOR,2016,3.172,0.972,1.493333333,3.675,36.375,19.019689893759463,59.176550302635555,18.992022646412064,2.811737157192918,0.5213333330000001,29.982,0.6157383589527221,3.8
KOR,2017,3.433,1.944,1.443333333,3.683,36.525,18.395412423589704,58.77835237648451,19.886003201571963,2.9402319983538137,-0.500666667,31.965,0.3673283391138371,3.9
KOR,2018,3.176,1.476,1.68,3.833,35.465,17.760038584924573,58.33408209393121,20.83608118790507,3.069798133239134,0.20399999999999996,31.249,0.30031986876966066,4.2
KOR,2019,2.314,0.383,1.696666667,3.783,34.356,17.12660325871005,57.83169633907504,21.841399968621452,3.20030043359347,1.313666667,31.196,0.2458361778167717,4.0
KOR,2020,-0.7,0.537,0.923333333,3.955,35.88,16.480942466470022,57.21438256922351,22.972178620386334,3.3324963439201354,0.38633333299999995,31.525,0.17508068618501405,3.7
KOR,2021,4.613,2.498,0.85,3.675,36.716,15.871560929149256,56.6041660207531,24.191128568631267,3.3331444814663747,-1.6480000000000001,32.493,-0.019445228067482834,4.2
KOR,2022,2.728,5.09,2.475,2.883,34.424,15.360593315370577,56.01482944681043,25.287191796404073,3.3373854414149062,-2.6149999999999998,33.325,-0.1270743227888449,4.6
KOR,2023,1.404,3.597,3.709166667,2.708,34.049,14.91108218115228,55.49063620661365,26.25871811098624,3.3395635012478273,0.11216666699999989,32.257,-0.06521989571711684,4.4
KOR,2024,2.025,2.322,3.550833333,2.8,35.673,14.491855672315742,54.96975207081382,27.196817369100152,3.3415748877702924,1.2288333329999999,30.376,-0.060192771074085716,4.3
MEX,1990,5.25,26.65,29.23,2.742,17.337,50.28935825656963,42.945746790908544,5.924913580834233,0.8399813716875975,2.580000000000002,22.513,1.9360530063433856,3.2
MEX,1991,3.976,22.609,19.95,2.692,15.922,49.632512914679104,43.579089671576014,6.020607997180169,0.7677894165647166,-2.6590000000000025,22.758,1.94445688773639,3.1
MEX,1992,3.569,15.517,22.76,2.83,14.093,48.949125565494604,44.234489264773664,6.118116433961751,0.698268735769987,7.243000000000002,22.805,1.911909930493505,3.0
MEX,1993,2.867,9.763,14.68,3.43,16.181,48.28065215535559,44.8612220296306,6.226779595398637,0.6313462196151605,4.917,22.624,1.8699541770148986,2.9
MEX,1994,4.394,6.986,16.96,3.7,16.586,47.652498628306745,45.43659931452783,6.34404287123128,0.566859185934152,9.974,24.337,1.8315199827457551,2.8
MEX,1995,-5.91,35.061,46.54,6.23,18.897,47.0685766033318,45.95537478023994,6.471385824163487,0.5046627922647633,11.479,19.312,1.7961733010963599,2.9
MEX,1996,6.218,34.35,26.97,5.45,19.157,46.47340838954924,46.40858064695297,6.60483029146714,0.5131806720306527,-7.380000000000003,19.738,1.750170638412607,3.1
MEX,1997,7.199,20.597,22.29416667,3.73,19.682,45.91220361593529,46.8160550204381,6.750210300959017,0.5215310626675959,1.6971666699999979,21.146,1.6965480268140265,3.0
MEX,1998,6.185,15.917,27.14166667,3.16,19.935,45.38399038370239,47.18289134388302,6.9034306948415365,0.5296875775730421,11.22466667,22.804,1.6528590193486625,2.7
MEX,1999,2.755,16.566,24.62666667,2.5,20.026,44.87783549203753,47.52158962052137,7.062916645723007,0.5376582417180891,8.06066667,22.243,1.6117787613309398,3.0
MEX,2000,5.029,9.486,17.23166667,2.2,19.738,44.354124882363145,47.87929247787632,7.221033348436924,0.5455492913236115,7.7456666699999985,22.265,1.5546872430979963,3.4
MEX,2001,-0.451,6.366,13.42666667,2.768,18.077,43.828973506400025,48.21574034239938,7.382882999861552,0.5724031513390389,7.06066667,20.274,1.4940828924334015,3.3
MEX,2002,-0.237,5.037,8.45,2.978,18.879,43.301735531148104,48.542759476484875,7.556885556617685,0.5986194357493215,3.4129999999999994,20.408,1.4480894505949138,3.3
MEX,2003,1.186,4.55,7.164166667,3.4,20.354,42.78160952902841,48.86038020231512,7.733793462967525,0.6242168056889497,2.614166667,20.881,1.408085549243876,3.4
MEX,2004,3.565,4.694,7.4425,3.919,21.581,42.26906798045956,49.17174759565746,7.909982602374455,0.649201821508529,2.7485,22.046,1.374670719544402,3.7
MEX,2005,2.113,3.99,9.631666667,3.478,20.899,41.75543048702908,49.48776836212441,8.083294043339562,0.6735071075069493,5.641666666999999,21.522,1.3577132990359564,4.0
MEX,2006,4.805,3.633,7.69,3.566,22.248,41.17859095454411,49.85506262254505,8.253960140877425,0.7123862820334097,4.057,22.564,1.3629534081662786,4.2
MEX,2007,2.078,3.969,7.784166667,3.653,22.227,40.616962857791115,50.23005439884914,8.403290628416475,0.7496921149432642,3.815166667,23.072,1.4178485116669304,4.3
MEX,2008,0.943,5.13,8.3525,3.904,22.715,40.075769820594445,50.60674574861132,8.53207940965381,0.7854050211404309,3.2224999999999993,24.121,1.4708686863338372,4.6
MEX,2009,-6.295,5.296,5.929166667,5.384,22.508,39.531339814676855,50.988587641213854,8.660161930224808,0.8199106138844756,0.6331666669999994,23.259,1.4726554793268232,4.1
MEX,2010,4.971,4.155,5.0,5.309,22.992,38.97274556553443,51.3775966754176,8.796219316368267,0.8534384426796845,0.8449999999999998,23.331,1.450158969592441,4.4
MEX,2011,3.444,3.404,4.855,5.19,23.394,38.47284762563644,51.73729285312816,8.940782419028071,0.8490771022073275,1.4510000000000005,24.252,1.4254118818933348,4.6
MEX,2012,3.553,4.111,4.806666667,4.931,22.968,37.98917529196658,52.06297424086931,9.102689072654286,0.8451613945098293,0.6956666670000002,24.378,1.3664154179415355,4.5
MEX,2013,0.852,3.804,4.285833333,4.94,20.287,37.52635388150737,52.348872971749806,9.283072516324987,0.8417006304178428,0.4818333330000004,22.681,1.3057591959219295,4.6
MEX,2014,2.504,4.019,3.525833333,4.835,20.472,37.06823428163071,52.612776147610916,9.48006900505902,0.8389205656993618,-0.4931666670000001,22.293,1.2173774743136967,4.5
MEX,2015,2.702,2.719,3.3425,4.346,21.137,36.60479259393969,52.85992570423165,9.69802086696854,0.8372608348601207,0.6234999999999999,23.736,1.0753040418223225,3.9
MEX,2016,1.772,2.82,4.568333333,3.874,22.07,36.12883998365318,53.073815982098296,9.938067146342075,0.8592768879064447,1.7483333330000002,24.343,0.9738350073219992,3.8
MEX,2017,1.872,6.042,7.120833333,3.419,22.095,35.66234570028462,53.25975200619336,10.19681340099862,0.881088892523409,1.0788333330000004,23.892,0.9396272477169898,3.9
MEX,2018,1.972,4.898,8.055833333,3.321,21.413,35.196602515919274,53.4293370292228,10.471742629550466,0.90231782530746,3.157833333000001,23.477,0.9510963963691887,4.2
MEX,2019,-0.393,3.635,8.273333333,3.489,21.852,34.731511873933165,53.58208938786897,10.763362899730847,0.9230358384670149,4.638333333,22.149,0.9546729325579761,4.0
MEX,2020,-8.354,3.398,5.673333333,4.407,22.634,34.28762554376933,53.761335815007996,11.006533175687048,0.9445054655356283,2.2753333330000003,20.237,0.8238290627371025,3.7
MEX,2021,6.048,5.693,4.655833333,4.141,21.361,33.88754858349981,53.987478353338425,11.186750281667816,0.93822278149395,-1.0371666669999993,21.707,0.6696366966995049,4.2
MEX,2022,3.711,7.897,8.1925,3.274,21.57,33.44743081902202,54.18520743033851,11.436178350936869,0.9311833997026003,0.29550000000000054,22.777,0.7559608336658474,4.6
MEX,2023,3.295,5.526,11.4575,2.797,23.626,32.959694337030484,54.34127444309497,11.775934083552599,0.9230971363219505,5.9315,23.939,0.8759926840277599,4.4
MEX,2024,1.454,4.723,11.26833333,2.668,23.838,32.471333496616,54.479393544633204,12.134085136606048,0.9151878221447585,6.545333330000001,24.161,0.8642285207266287,4.3
NLD,1990,4.178,2.5,8.6825,5.112,25.668,24.24070636459161,51.70550249958785,16.188229323662927,7.865561812157614,6.182499999999999,23.155,0.7356489741279892,3.2
NLD,1991,2.451,3.178,9.281666667,4.799,24.536,23.85270625248679,51.87507563465476,16.25482461667994,8.017393496178512,6.103666667,22.284,0.8263788715469733,3.1
NLD,1992,1.589,2.839,9.3525,4.865,24.141,23.54546915466834,51.96705196806789,16.319376753682135,8.16810212358163,6.513499999999999,22.273,0.8029975407602308,3.0
NLD,1993,1.264,1.642,6.854166667,5.53,24.148,23.354205274689857,51.96376347327957,16.360868813727606,8.321162438302972,5.212166667,20.443,0.7392589474814137,2.9
NLD,1994,3.009,2.118,5.176666667,6.193,25.116,23.26528536563583,51.8557459974199,16.39756264090244,8.481405996041833,3.0586666670000002,20.601,0.6220321097459847,2.8
NLD,1995,3.132,1.349,4.3725,7.733,27.107,23.22592323530323,51.666567352172244,16.458867014893805,8.648642397630715,3.0234999999999994,21.422,0.5139243944428218,2.9
NLD,1996,3.416,1.446,2.9975,7.099,26.996,23.20583078277295,51.41110881713951,16.507125595115657,8.875934804971884,1.5515,22.234,0.4818139634465757,3.1
NLD,1997,4.246,1.858,3.334166667,6.101,28.553,23.20422355612466,51.149748448544486,16.549948224397653,9.096079770933185,1.4761666669999998,22.554,0.5344939621907185,3.0
NLD,1998,4.654,1.782,3.455,4.93,25.71,23.228689867326988,50.86955499826974,16.59956364735514,9.30219148704814,1.673,22.743,0.6581498842951117,2.7
NLD,1999,5.038,2.037,2.963488346,4.139,26.47,23.275351150275302,50.56217795227458,16.662565501125957,9.499905396324158,0.9264883460000002,22.971,0.7144514787193801,3.0
NLD,2000,4.228,2.347,4.39176543,3.66,24.196,23.31484259416177,50.252570878840295,16.741072061014425,9.691514465983504,2.0447654300000004,22.459,0.74387786238852,3.4
NLD,2001,2.328,5.113,4.261780438,3.137,24.873,23.37100626872948,50.00215476955182,16.787352917821835,9.839486043896862,-0.8512195620000007,22.604,0.7718248722761167,3.3
NLD,2002,0.246,3.854,3.318601627,3.665,23.287,23.423707968497887,49.73046130565284,16.84922032722024,9.99661039862903,-0.535398373,20.966,0.6509789309018243,3.3
NLD,2003,0.098,2.225,2.333474191,5.921,25.565,23.465749067386685,49.378460029601186,16.987648005928055,10.168142897084067,0.108474191,20.431,0.4841647413800443,3.4
NLD,2004,2.013,1.383,2.10632298,6.773,27.321,23.449585343043445,48.97626994942731,17.223396052939545,10.350748654589701,0.7233229799999998,20.235,0.35836631858228163,3.7
NLD,2005,2.029,1.492,2.184689332,6.961,26.698,23.369763587479675,48.59866352559349,17.487678940051783,10.54389394687505,0.692689332,20.391,0.24440254431421504,4.0
NLD,2006,3.539,1.652,3.079211845,6.079,28.867,23.263927773328145,48.14042008320495,17.95287656130529,10.642775582161631,1.4272118450000002,20.935,0.17090972694162598,4.2
NLD,2007,3.882,1.588,4.277596427,5.295,28.51,23.131288617141355,47.54730237814112,18.586172931840984,10.735236072876535,2.6895964269999997,23.229,0.22739079468492296,4.3
NLD,2008,2.127,2.213,4.634232681,4.77,26.151,22.99392827417637,47.077976374169765,19.11934127914382,10.808754072510048,2.421232681,22.206,0.39864241029941017,4.6
NLD,2009,-3.67,0.971,1.22834975,5.422,24.118,22.86253300287998,46.704966090570984,19.564501038410707,10.867999868138323,0.25734975000000004,20.577,0.5235322605697812,4.1
NLD,2010,1.317,0.931,0.810953933,6.082,26.671,22.708816613684085,46.395557631861934,19.969119745802857,10.926506008651122,-0.12004606700000009,20.037,0.5219624613780116,4.4
NLD,2011,1.777,2.471,1.390599744,6.05,27.172,22.486398330977096,46.12440869436263,20.32002621556618,11.069166759094104,-1.0804002560000001,19.912,0.47594586802939265,4.6
NLD,2012,-0.977,2.818,0.573181087,6.823,26.392,22.259018792779408,45.834552823767574,20.685550537745844,11.220877845707175,-2.244818913,18.583,0.38060817193839025,4.5
NLD,2013,-0.032,2.556,0.220661223,8.204,26.63,22.033014199334325,45.524017326982275,21.06330423833518,11.379664235348217,-2.335338777,18.361,0.3066444377358257,4.6
NLD,2014,1.612,0.321,0.209945672,8.338,26.568,21.812500856939177,45.22783953823844,21.429734789692958,11.529924815129409,-0.11105432800000001,17.707,0.37145792409682965,4.5
NLD,2015,2.121,0.218,-0.019375701,7.887,27.049,21.621090084058782,44.93963822626107,21.769969813706126,11.669301875974028,-0.237375701,22.17,0.4541638171757123,3.9
NLD,2016,2.425,0.113,-0.263695659,7.005,27.093,21.401483885821154,44.50354214399525,22.070807075720563,12.02416689446304,-0.376695659,19.776,0.5685248043934887,3.8
NLD,2017,2.783,1.294,-0.329056116,5.873,28.344,21.182381317869616,44.08206466278226,22.370100667788215,12.365453351559914,-1.623056116,20.215,0.643295407828548,3.9
NLD,2018,2.26,1.598,-0.322092958,4.881,29.476,20.911080612649606,43.69873579033045,22.684302837802463,12.705880759217484,-1.9200929580000001,20.48,0.6116502275146374,4.2
NLD,2019,2.3,2.672,-0.35631935,4.436,28.599,20.598029697151368,43.356944633008574,23.010504856819153,13.034520813020917,-3.0283193500000003,21.758,0.667158230255116,4.0
NLD,2020,-3.877,1.106,-0.425159625,4.851,26.936,20.244392228922695,43.04029471221169,23.343600353149345,13.371712705716268,-1.5311596250000001,21.352,0.565781670108545,3.7
NLD,2021,6.278,2.827,-0.548756293,4.226,32.211,19.977365637589575,42.96785886133851,23.753827677276014,13.3009478237959,-3.375756293,22.194,0.5320288663471784,4.2
NLD,2022,5.007,11.622,0.341555419,3.537,29.478,19.76174487854145,42.966871143166266,24.099592497294385,13.171791480997905,-11.280444581,22.863,0.9805525921384284,4.6
NLD,2023,0.073,4.118,3.430800561,3.553,29.814,19.5173647547085,42.994168668943914,24.453618951849418,13.034847624498171,-0.6871994390000005,19.96,1.0505980617859567,4.4
NLD,2024,0.98,3.223,3.57091273,3.659,29.228,19.30860942868711,42.86330189058855,24.890645906630475,12.937442774093865,0.34791273,19.288,0.7528910628254559,4.3
NOR,1990,1.932,4.131,5.6,5.229,26.927,25.553800779193008,49.44966207816945,20.45593247292576,4.54060466971178,1.4689999999999994,24.758,0.34366687935143414,3.2
NOR,1991,3.084,3.438,4.6,5.469,25.616,25.330648127561744,49.64525365632455,20.313920343718852,4.710177872394845,1.1619999999999995,22.306,0.47585259674218783,3.1
NOR,1992,3.574,2.328,2.9,5.915,24.772,25.095201283263112,49.88344968767065,20.148266770066815,4.873082258999424,0.5720000000000001,21.628,0.5781366134611776,3.0
NOR,1993,2.845,2.288,2.3,5.948,24.779,24.91619165919503,50.12292601201058,19.927882664148346,5.03299966464604,0.01200000000000001,22.148,0.5972922084413801,2.9
NOR,1994,5.055,1.376,3.2,5.393,25.711,24.78120783577968,50.337572037329004,19.688997979230557,5.192222147660757,1.8240000000000003,23.011,0.5706351455589065,2.8
NOR,1995,4.156,2.46,2.5,4.906,27.4,24.686059909485966,50.48818046830775,19.473559543862486,5.352200078343792,0.040000000000000036,24.198,0.5194435931369812,2.9
NOR,1996,5.028,1.263,4.893333333,4.833,29.354,24.653258191457024,50.48466327614457,19.266961559842542,5.595116972555854,3.6303333330000003,22.893,0.5079614153958634,3.1
NOR,1997,5.285,2.567,3.13,4.034,31.071,24.673340088556458,50.405875250696,19.08745917836525,5.833325482382297,0.5629999999999997,25.191,0.5444251939765943,3.0
NOR,1998,2.669,2.252,6.75,3.186,27.858,24.691433441961788,50.317073066154435,18.92591428319326,6.065579208690516,4.498,28.244,0.5976522289001363,2.7
NOR,1999,2.072,2.366,1.75,3.172,29.918,24.71269022927361,50.21995671241141,18.778115136379217,6.289237921935762,-0.6160000000000001,24.571,0.6876968519262894,3.0
NOR,2000,3.319,3.086,2.5,3.426,36.449,24.73463364646515,50.09066178089887,18.662821677863096,6.51188289477288,-0.5859999999999999,21.811,0.651756796099856,3.4
NOR,2001,2.067,3.004,2.75,3.546,36.322,24.73821116668812,49.90855087127798,18.56980714307711,6.783430818956779,-0.254,20.543,0.507474391915852,3.3
NOR,2002,1.378,1.287,1.19,3.889,32.76,24.72896734122019,49.71314764564412,18.508069829665576,7.049815183470126,-0.09699999999999998,20.322,0.5396289527538345,3.3
NOR,2003,0.945,2.488,0.81,4.494,31.594,24.727641807105837,49.412989200312225,18.54969549818399,7.309673494397952,-1.678,19.42,0.5873714801232444,3.4
NOR,2004,4.015,0.454,0.75,4.471,34.153,24.725199638263682,48.980451321039894,18.728524084266482,7.56582495642994,0.296,21.502,0.5931098180393723,3.7
NOR,2005,2.685,1.532,1.5,4.616,38.87,24.696276803304432,48.50198696811939,18.990048720302546,7.811687508273627,-0.03200000000000003,22.415,0.6834333589046171,4.0
NOR,2006,2.461,2.329,3.25,3.444,40.538,24.57013355236591,47.70526686655963,19.27409197394096,8.450507607133494,0.9209999999999998,23.923,0.8083278752635703,4.2
NOR,2007,2.914,0.713,3.44,2.539,39.641,24.40001613927344,47.00251645250276,19.53979286516699,9.057674543056821,2.727,27.063,1.0410055243070815,4.3
NOR,2008,0.482,3.754,2.38,2.747,41.92,24.182484808941755,46.477146771849,19.70931823801551,9.631050181193729,-1.374,25.77,1.254849745487907,4.6
NOR,2009,-1.94,2.197,1.0,3.266,35.61,23.958787418150827,46.0022998277459,19.85154358204643,10.187369172056833,-1.197,24.281,1.26929987431057,4.1
NOR,2010,0.787,2.419,0.69,3.794,36.624,23.710852698274266,45.579324227751094,19.97994748384284,10.729875590131806,-1.729,24.974,1.253763366260241,4.4
NOR,2011,1.106,1.285,0.44,3.364,38.673,23.395895148121287,45.06100988336689,20.055926062918235,11.487168905593574,-0.845,25.433,1.3050498224439933,4.6
NOR,2012,2.718,0.697,0.38,3.294,39.405,23.074309187633848,44.57771735637892,20.126875638580174,12.221097817407044,-0.31699999999999995,25.861,1.3222273998136025,4.5
NOR,2013,1.016,2.12,0.38,3.773,38.55,22.777790189984522,44.03339327608999,20.24296451789715,12.945852016028345,-1.7400000000000002,27.318,1.2288038705120075,4.6
NOR,2014,2.048,2.042,0.06,3.617,39.033,22.481964108268883,43.45303602312068,20.40009382186886,13.664906046741587,-1.9819999999999998,27.199,1.1273444184291215,4.5
NOR,2015,1.857,2.171,0.12,4.531,35.913,22.200883237429935,42.82890324062468,20.58855776102645,14.38165576091893,-2.0509999999999997,26.908,1.0195050215138224,3.9
NOR,2016,1.165,3.55,0.35,4.74,32.945,22.013656270465358,42.52254447732163,20.804706585181805,14.659092667031196,-3.1999999999999997,27.713,0.8904439136139031,3.8
NOR,2017,2.464,1.875,0.15,4.216,33.866,21.81676498220276,42.195134269285234,21.041166501873057,14.946934246638943,-1.725,27.541,0.7795957320716917,3.9
NOR,2018,0.829,2.765,0.846,3.854,36.681,21.577311819404237,41.87683066935065,21.298671201265496,15.247186309979616,-1.919,27.717,0.6623329184672011,4.2
NOR,2019,1.124,2.168,1.46,3.728,33.403,21.291353406833046,41.601868306564825,21.566253198436236,15.540525088165905,-0.7080000000000002,29.6,0.6773282452448681,4.0
NOR,2020,-1.278,1.287,1.26,4.595,32.455,20.97515584585911,41.33071129400652,21.851138448342518,15.842994411791853,-0.026999999999999913,31.347,0.5898389980572016,3.7
NOR,2021,3.909,3.484,0.16,4.41,39.973,20.733695192415883,41.29541656153869,22.212313200010243,15.758575046035194,-3.324,25.085,0.5357043102567571,4.2
NOR,2022,3.246,5.764,0.19,3.252,50.809,20.581873832134082,41.3098130837268,22.490409445899758,15.617903638239362,-5.574,21.168,0.9007060810095391,4.6
NOR,2023,0.072,5.518,3.01,3.595,41.634,20.399174368160992,41.42842570264679,22.730975525835692,15.441424403356525,-2.508,24.241,1.1428947891910735,4.4
NOR,2024,2.1,3.145,3.7,4.013,41.142,20.18165891411705,41.496603701857374,23.03950751883744,15.282229865188125,0.5550000000000002,24.0,1.0416970531966108,4.3
NZL,1990,0.021,6.098,13.8925,7.975,17.725,29.688471681525215,43.354807809351755,11.70649151886007,15.250228990262965,7.7945,21.319,1.894295023195558,3.2
NZL,1991,-1.323,2.602,9.965833333,10.625,15.599,29.176036660365174,43.685387693588964,11.850658682583123,15.287916963462733,7.3638333330000005,17.143,2.4712255317483,3.1
NZL,1992,0.705,1.015,6.73,10.675,15.498,28.63543845846458,43.95304741786701,11.946135099085012,15.465379024583378,5.715000000000001,18.514,1.4742918226776203,3.0
NZL,1993,5.225,1.288,6.33,9.8,17.658,28.259769289285806,44.11181188095677,11.947102782215012,15.681316047542406,5.042,20.917,1.1710684240572977,2.9
NZL,1994,5.582,1.745,6.735,8.35,18.94,27.953931898668078,44.26402097413981,11.916314982710038,15.865732144482077,4.99,22.412,1.326977667817375,2.8
NZL,1995,4.893,3.755,9.008333333,6.45,19.412,27.724188945301297,44.403354154258274,11.853176623249027,16.019280277191406,5.253333333,23.298,1.4746630827881857,2.9
NZL,1996,4.075,2.286,9.300833333,6.325,18.334,27.546348540380112,44.447960967222826,11.738738773766196,16.266951718630864,7.014833333,23.442,1.4954706561850495,3.1
NZL,1997,2.449,1.187,7.659166667,6.875,18.675,27.36854340142178,44.40492725611935,11.686850501065676,16.539678841393187,6.472166667,23.146,1.2755878761032013,3.0
NZL,1998,0.407,1.265,7.349166667,7.725,18.182,27.183690593227478,44.225741865591154,11.726961243080245,16.863606298101132,6.084166667000001,21.074,0.9113438091581827,2.7
NZL,1999,4.486,-0.114,4.83,7.05,18.131,26.991492364402593,43.94839911673788,11.83251339539042,17.22759512346911,4.944,22.589,0.6345092094157234,3.0
NZL,2000,4.215,2.615,6.52,6.15,19.318,26.801935620677664,43.60090046231128,12.000275302560626,17.59688861445043,3.9049999999999994,22.638,0.5740890919422315,3.4
NZL,2001,2.521,2.626,5.7425,5.475,21.256,26.587984235934233,42.97305141308084,12.168558590098963,18.27040576088598,3.1165,21.803,0.8862694532885129,3.3
NZL,2002,4.704,2.677,5.666666667,5.3,20.998,26.363380394690772,42.58541473762429,12.23960506373069,18.811599803954252,2.9896666670000003,23.376,1.5251701510562432,3.3
NZL,2003,4.427,1.754,5.423333333,4.75,21.296,26.098558725834742,42.371625818363384,12.251264205256991,19.27855125054489,3.6693333330000004,23.622,1.8088042664374804,3.4
NZL,2004,4.841,2.29,6.129166667,4.025,20.292,25.788329592433534,42.11056780015135,12.322897379851982,19.77820522756314,3.8391666669999998,25.313,1.5244917666779934,3.7
NZL,2005,3.216,3.037,7.111666667,3.8,18.218,25.460637123545034,41.74028505154707,12.485881219291915,20.31319660561598,4.074666667,25.455,1.2511537654901872,4.0
NZL,2006,2.814,3.365,7.545833333,3.875,17.228,25.295140532862742,41.40033094688111,12.70523249974892,20.599296020507225,4.180833333,23.857,1.1350284455417636,4.2
NZL,2007,3.497,2.376,8.333333333,3.625,17.849,25.180507832150262,40.902507786924595,13.010214489238244,20.906769891686896,5.957333333000001,24.778,0.9881896918654709,4.3
NZL,2008,-0.169,3.959,8.021666667,4.025,15.687,25.0805007433437,40.35990223904131,13.337542798576385,21.222054219038608,4.062666667,23.841,0.9130020359837898,4.6
NZL,2009,-1.038,2.116,3.035833333,5.9,17.469,24.971526174731146,39.87628429590475,13.640121608510924,21.512067920853177,0.9198333329999997,19.776,0.996756318421399,4.1
NZL,2010,1.724,2.302,3.000833333,6.2,25.28,24.83851206037669,39.422400515390585,13.947619820319407,21.79146760391332,0.6988333330000001,20.543,1.009838059765289,4.4
NZL,2011,1.654,4.028,2.8,6.05,20.12,24.62231676565624,39.09584284849033,14.242880616642639,22.038959769210788,-1.2279999999999998,20.16,0.8034002714724764,4.6
NZL,2012,2.57,1.06,2.671666667,6.45,17.399,24.3801149064307,38.757100616965005,14.550173839808972,22.312610636795334,1.6116666670000002,21.449,0.6611448808788278,4.5
NZL,2013,2.171,1.134,2.656666667,5.825,19.009,24.0979255929307,38.5492936337565,14.837011835375721,22.51576893793708,1.5226666670000002,22.1,0.9559744464490816,4.6
NZL,2014,3.807,1.228,3.424166667,5.425,19.387,23.76056023204155,38.61349467818032,15.04621396985131,22.579731119926823,2.196166667,22.885,1.5521848395916304,4.5
NZL,2015,3.606,0.293,3.240833333,5.425,20.284,23.40263791146523,38.872501668281664,15.190628407407065,22.53423201284604,2.9478333329999997,23.093,2.012963568512194,3.9
NZL,2016,3.969,0.646,2.33,5.175,20.959,22.88296777997654,38.31711833238949,15.296464090507063,23.503449797126898,1.6840000000000002,23.01,2.1833629567564516,3.8
NZL,2017,3.341,1.851,1.9575,4.75,20.472,22.419599266656505,37.71580560517202,15.418471117821062,24.44612401035042,0.10650000000000004,23.338,2.0781819685795844,3.9
NZL,2018,3.477,1.598,1.946666667,4.325,19.989,22.00593897340602,37.00577675654841,15.585965038288277,25.402319231757286,0.3486666669999998,24.223,1.8304601847820123,4.2
NZL,2019,3.021,1.62,1.519166667,4.1,21.202,21.60009540220498,36.24157401612718,15.836012428341872,26.32231815332598,-0.10083333300000019,24.059,1.8069427590781784,4.0
NZL,2020,-1.311,1.715,0.481666667,4.6,21.16,21.182756250375995,35.39410579509043,16.169634676852283,27.253503277681297,-1.233333333,22.23,1.6132693243329221,3.7
NZL,2021,5.69,3.941,0.488333333,3.775,18.981,20.97151817849788,35.22698539351349,16.749693330447496,27.051803097541132,-3.452666667,25.004,0.7456071575447032,4.2
NZL,2022,2.856,7.172,2.765833333,3.3,17.09,20.784989948330335,34.99631557322383,17.293607064044338,26.925087414401506,-4.406166667,26.331,0.4706231076963885,4.6
NZL,2023,1.811,5.733,5.478333333,3.725,17.236,20.626354672755912,34.893644414785236,17.768850587956003,26.711150324502846,-0.2546666669999995,24.169,0.800928029304715,4.4
NZL,2024,-0.483,2.923,5.258333333,4.725,16.801,20.49068804728244,34.77048276698024,18.23827605359781,26.50055313213951,2.3353333330000003,22.828,0.7946897987873625,4.3
POL,1990,-7.171,585.8,,6.3,26.783,32.263197221002876,51.36242622772479,13.41088288131097,2.963493669961376,,25.164,0.30936588461398795,3.2
POL,1991,-7.005,70.3,,11.8,16.394,32.1528389405935,51.32108300834533,13.655626654475734,2.870451396585433,,19.512,0.25618403458846917,3.1
POL,1992,2.033,43.0,45.475,13.6,13.294,31.97229507836554,51.381849073224515,13.866751897020531,2.7791039513894047,2.4750000000000014,14.868,0.21149873429175958,3.0
POL,1993,4.287,35.3,34.875,16.4,11.158,31.69638819746707,51.56078312972453,14.053321982469114,2.689506690339282,-0.42499999999999716,15.242,0.16017700642678712,2.9
POL,1994,5.239,32.2,31.75666667,11.4,20.615,31.355502592464003,51.82295392569628,14.220547049839528,2.600996432000182,-0.4433333300000015,17.369,0.1290799137216192,2.8
POL,1995,6.728,27.875,27.69,13.341,19.232,30.923560472973737,52.156697984632586,14.405123078482607,2.514618463911077,-0.18499999999999872,18.576,0.053083491847716324,2.9
POL,1996,6.239,19.9,21.33333333,12.343,18.696,30.405670007905933,52.55963107961368,14.592440157171804,2.4422587553085906,1.43333333,20.718,-0.014326984774837292,3.1
POL,1997,7.086,14.9,23.11,11.246,19.674,29.860908081738145,52.996348470115116,14.77253365272159,2.370209795425144,8.209999999999999,23.253,-0.028312656030959893,3.0
POL,1998,4.982,11.8,19.905,10.576,20.943,29.291252788398424,53.46617732123361,14.94378951719135,2.298780373176619,8.105,24.872,-0.057039019450921824,2.7
POL,1999,4.524,7.3,14.67833333,13.133,17.727,28.695632312847103,53.95205446133665,15.12406362746273,2.228249598353519,7.378333329999999,25.069,-0.10103730880379747,3.0
POL,2000,4.26,10.1,18.875,16.087,18.715,28.03885580066418,54.50572306029592,15.298357367542689,2.157063771497212,8.775,24.663,-0.07741648185434213,3.4
POL,2001,1.205,5.5,15.71583333,18.242,17.559,27.299257400965736,55.13856650458968,15.458233041543668,2.103943052900924,10.21583333,20.612,-0.02800716183510854,3.3
POL,2002,1.443,1.9,8.7725,20.235,18.352,26.50884523244514,55.86541962669157,15.57455454188566,2.051180598977625,6.8725000000000005,18.544,-0.04692742621311696,3.3
POL,2003,3.523,0.735,5.688333333,19.942,18.742,25.6321848738352,56.70513746323507,15.663893990512499,1.9987836724172359,4.953333333,18.911,-0.06770703851861626,3.4
POL,2004,5.091,3.538,6.243333333,19.276,14.534,24.74552009753201,57.53861262120628,15.76903817722542,1.9468291040362746,2.705333333,20.489,-0.09410650179809688,3.7
POL,2005,3.261,2.21,5.198333333,18.052,16.802,23.925429709950162,58.28978617592696,15.889647671375842,1.8951364427470412,2.988333333,20.107,-0.11316674793984127,4.0
POL,2006,6.202,1.197,4.200833333,14.169,17.304,23.242586968768254,58.75715288685529,16.144549758613916,1.8557103857625379,3.003833333,21.956,-0.13957473248285002,4.2
POL,2007,6.76,2.472,4.769583333,9.944,18.729,22.685510768015956,58.90807626775095,16.59035679799548,1.8160561662376122,2.297583333,25.419,-0.13329247301508973,4.3
POL,2008,4.384,4.342,6.349166667,7.466,18.004,22.223839560382068,58.89984635711505,17.101244234180836,1.775069848322064,2.007166667000001,24.756,-0.06448902814619739,4.6
POL,2009,2.615,3.785,4.339166667,8.514,16.783,21.686727765833282,58.884449316098,17.69619643938613,1.7326264786825905,0.5541666669999996,20.758,0.016457037919503925,4.1
POL,2010,3.169,2.59,3.931666667,9.635,15.707,21.3603909127863,58.742731380231525,18.210538102004385,1.6863396049777886,1.3416666670000001,20.859,0.24524003967669739,4.4
POL,2011,5.255,4.226,4.578333333,9.632,17.222,21.223199698863944,58.420379368358866,18.69107885735537,1.6653420754218107,0.3523333329999998,22.345,0.2973879897131493,4.6
POL,2012,1.512,3.727,4.874558333,10.088,16.712,20.936288800937724,58.12273664669018,19.29332138582628,1.6476531665458212,1.1475583330000005,20.802,0.10266001991565687,4.5
POL,2013,0.684,1.117,2.975833333,10.328,17.155,20.647911077742283,57.77987800993289,19.94102473878058,1.6311861735442497,1.8588333330000002,19.128,0.029792510654358395,4.6
POL,2014,3.92,0.105,2.489166667,8.988,17.857,20.406024934514107,57.381699356277885,20.597312753264312,1.614962955943708,2.384166667,20.827,0.015291721841204087,4.5
POL,2015,4.432,-0.924,1.738333333,7.499,19.478,20.21140055454518,56.92808170653698,21.261578787024007,1.598938951893825,2.662333333,20.802,0.0031386291737822702,3.9
POL,2016,3.031,-0.677,1.701666667,6.161,19.015,20.011999760083203,56.36330145898422,21.918271480491796,1.7064273004407753,2.378666667,20.087,-0.007967843466705204,3.8
POL,2017,5.152,1.969,1.729166667,4.888,18.714,19.85604951054907,55.78471559445033,22.545052819754073,1.8141820752465332,-0.23983333299999998,19.908,-0.021708811310294784,3.9
POL,2018,6.246,1.767,1.710833333,3.846,19.48,19.750461745049737,55.20186261522151,23.12541146043493,1.92226417929383,-0.05616666699999984,21.444,-0.03630379052689259,4.2
POL,2019,4.581,2.268,1.7175,3.279,20.432,19.69689020537903,54.62945298231098,23.64316305094261,2.0304937613673792,-0.5504999999999998,20.708,-0.03971123141022215,4.0
POL,2020,-2.036,3.435,0.595,3.163,21.257,19.66331544995453,54.11570172674489,24.079949727295684,2.1410330960048953,-2.84,18.839,-0.14354801914393533,3.7
POL,2021,6.927,5.129,0.605,3.373,20.513,19.680887650167545,53.79295298172124,24.377769455901916,2.148389912209292,-4.523999999999999,21.811,-0.3424339391368547,4.2
POL,2022,5.255,14.212,6.189166667,2.874,19.772,19.67235800774866,53.52723702935612,24.67134864851762,2.129056314377587,-8.022833333,22.059,0.908082970898616,4.6
POL,2023,0.139,11.472,6.518333333,2.82,19.301,19.626647100850587,53.263985909599235,25.001023209249347,2.108343780300844,-4.953666666999999,17.521,0.9824078155692417,4.4
POL,2024,2.852,3.723,5.854166667,2.75,17.871,19.527274319983956,52.988555730566375,25.363591476636998,2.1205784728126567,2.1311666670000005,17.735,-0.5769507079634195,4.3
PRT,1990,7.859,13.37,16.9025,4.225,27.974,27.337899183184305,49.77789231999443,18.52181845701557,4.3623900398057005,3.5325000000000006,30.433,-0.11849870050373301,3.2
PRT,1991,3.37,11.428,17.7375,4.138,24.395,26.65863022888601,49.88312424802591,18.89227159334575,4.565973929742342,6.3095,27.171,-0.2036883839510284,3.1
PRT,1992,3.13,8.863,16.70575,3.86,25.101,25.974137728939862,50.014574302412086,19.24641022527395,4.764877743374109,7.842749999999999,27.24,-0.08864322945831837,3.0
PRT,1993,-0.687,5.93,13.24508333,5.127,22.462,25.33781258894915,50.17091622865101,19.537509821539906,4.953761360859935,7.31508333,23.948,0.12049790069907917,2.9
PRT,1994,1.489,4.971,11.10666667,6.34,20.705,24.702664748309658,50.37228184485721,19.790136237119487,5.134917169713636,6.135666669999999,24.708,0.26217513710296014,2.8
PRT,1995,2.307,3.969,9.786666667,7.917,20.268,24.034180275914956,50.59242651618977,20.06203702933003,5.311356178565246,5.817666667000001,24.193,0.33269035268486125,2.9
PRT,1996,3.504,2.936,7.366666667,8.015,19.565,23.50187913782056,50.656303174653786,20.31369488546929,5.5281228020563695,4.430666667,24.408,0.35784881212903574,3.1
PRT,1997,4.401,1.89,5.741666667,7.51,19.857,23.038781811259256,50.69650849412122,20.525339295289672,5.739370399329849,3.851666667,26.524,0.4261421906941676,3.0
PRT,1998,4.808,2.215,4.308333333,5.72,20.334,22.671507640784995,50.66960459915181,20.713610099211813,5.945277660851385,2.0933333330000004,28.317,0.4843850506077718,2.7
PRT,1999,3.907,2.17,2.963488346,5.169,20.255,22.39265369123831,50.587696575527154,20.874276294126663,6.145373439107874,0.7934883460000002,29.028,0.5447695367268857,3.0
PRT,2000,3.816,2.805,4.39176543,4.717,17.923,22.102239627734715,50.54704494109789,21.015414018071894,6.3353014130954985,1.5867654300000003,28.777,0.6689560411993423,3.4
PRT,2001,1.944,4.41,4.261780438,4.801,18.039,21.645953823448355,50.69408632113086,21.13694234713235,6.523017508288445,-0.14821956200000042,28.158,0.6916132028688127,3.3
PRT,2002,0.771,3.701,3.318601627,5.779,17.313,21.2357798545747,50.80645870698328,21.24160043883422,6.7161609996077996,-0.382398373,25.904,0.5671012145698207,3.3
PRT,2003,-0.931,3.237,2.333474191,7.038,16.45,20.874796793073056,50.81851534950634,21.387974932670893,6.918712924749706,-0.903525809,23.115,0.3956672035573927,3.4
PRT,2004,1.789,2.51,2.10632298,7.392,15.595,20.538530154636582,50.71587939051736,21.6163623087281,7.129228146117953,-0.40367701999999994,23.824,0.2595739816696252,3.7
PRT,2005,0.782,2.13,2.184689332,8.343,13.592,20.253920941682008,50.49652748999607,21.907035360918776,7.342516207403156,0.054689332000000146,23.359,0.20619419300786923,4.0
PRT,2006,1.625,3.046,3.079211845,8.408,12.928,20.1632526044933,50.29924592269948,22.225610312311147,7.311891160496079,0.033211845000000295,22.926,0.20114741573438177,4.2
PRT,2007,2.507,2.422,4.277596427,8.722,13.386,20.076704604310045,50.107413847646754,22.53558215555781,7.280299392485387,1.8555964269999996,23.1,0.21573775289522867,4.3
PRT,2008,0.319,2.652,4.634232681,8.315,11.392,19.99866623507839,49.83979911928917,22.908952653285827,7.252581992346614,1.9822326810000002,23.579,0.16361322784883559,4.6
PRT,2009,-3.122,-0.903,1.22834975,10.177,11.063,19.913388154818712,49.52027024279928,23.337923484722918,7.228418117659096,2.13134975,20.843,0.11535788656662493,4.1
PRT,2010,1.738,1.391,0.810953933,11.506,10.846,19.777107875666672,49.232672190995835,23.779240470910302,7.210979462427189,-0.580046067,21.199,0.022626130751057794,4.4
PRT,2011,-1.714,3.554,1.390599744,13.585,13.551,19.58246016111031,48.83626277315568,24.16232371677606,7.41895334895796,-2.163400256,18.661,-0.2042555484342845,4.6
PRT,2012,-4.051,2.776,0.573181087,16.636,14.069,19.434443530245456,48.356870205409415,24.5647298859048,7.6439563784403335,-2.2028189129999998,15.754,-0.41585944561703947,4.5
PRT,2013,-0.984,0.44,0.220661223,17.216,15.716,19.2480305709414,47.88006078427201,24.992821250303887,7.879087394482706,-0.219338777,14.683,-0.5217513304766053,4.6
PRT,2014,0.741,-0.16,0.209945672,14.546,15.203,19.056112565986513,47.393076347717184,25.436260897771646,8.114550188524657,0.369945672,15.344,-0.4981594757655361,4.5
PRT,2015,1.59,0.508,-0.019375701,12.862,15.927,18.885989145698947,46.888623986248376,25.88602588535088,8.339360982701795,-0.527375701,15.938,-0.34528939650728674,3.9
PRT,2016,2.004,0.636,-0.263695659,11.268,16.711,18.711816083937443,46.38495503544624,26.279492946899648,8.62373593371667,-0.899695659,16.028,-0.23041836820595352,3.8
PRT,2017,3.315,1.556,-0.329056116,9.242,18.516,18.520313538758305,45.892068450554476,26.685406342405326,8.902211668281895,-1.8850561160000001,17.446,-0.1500815938185851,3.9
PRT,2018,2.946,1.168,-0.322092958,7.167,18.933,18.30900406020017,45.401154807976056,27.117240446888353,9.17260068493542,-1.490092958,18.525,-0.053151514048610515,4.2
PRT,2019,2.746,0.3,-0.35631935,6.633,18.984,18.052542280624017,44.95038920691278,27.575110364642008,9.421958147821185,-0.65631935,18.768,0.17297229450654594,4.0
PRT,2020,-8.205,-0.121,-0.425159625,7.092,18.326,17.749940962453277,44.54406283812797,28.04434860010381,9.661647599314943,-0.304159625,19.419,0.2639992041157946,3.7
PRT,2021,5.559,0.941,-0.548756293,6.725,20.272,17.480187457255493,44.290883547716085,28.586283523204386,9.642645471824029,-1.489756293,20.935,0.19706342565883883,4.2
PRT,2022,6.986,8.103,0.341555419,6.192,19.35,17.281597108976634,44.04037218709959,29.059560639517485,9.61847006440629,-7.761444581,21.374,0.251343584331587,4.6
PRT,2023,2.613,5.264,3.430800561,6.592,21.031,17.11952692129742,43.75521175970483,29.51939258756187,9.605868731435878,-1.8331994390000004,20.478,0.13118368908346945,4.4
PRT,2024,1.928,2.67,3.57091273,6.475,22.125,17.002031357873175,43.39719485088788,29.9898875738978,9.610886217341145,0.9009127299999999,19.971,-0.05220627725478488,4.3
SWE,1990,0.751,10.47,13.6675,2.242,24.112,23.258220490753857,46.24197332088576,21.283696132559562,9.216110055800812,3.1975,26.524,0.7742013956265836,3.2
SWE,1991,-1.103,8.792,11.59333333,4.0,21.42,23.26387534163735,46.18805543811917,21.05263121247299,9.49543800777049,2.8013333300000003,23.162,0.6822578661674683,3.1
SWE,1992,-0.936,1.378,12.85833333,7.1,19.082,23.241472368247006,46.1507548796673,20.827999901010358,9.779772851075332,11.48033333,21.741,0.587382393254976,3.0
SWE,1993,-1.206,4.689,8.351666667,11.15,17.466,23.21859304090968,46.15035886523066,20.57006646909923,10.060981624760439,3.662666667,18.723,0.5821986972478488,2.9
SWE,1994,4.016,2.91,7.400833333,10.783,21.018,23.179468781427282,46.19605839964738,20.299286234124775,10.325186584800557,4.490833332999999,20.021,0.7129358034309474,2.8
SWE,1995,4.094,2.465,8.745833333,10.417,23.582,23.078651738859605,46.21345383377999,20.10297744174174,10.604916985618667,6.280833333,20.459,0.5251822568760112,2.9
SWE,1996,1.705,1.02,5.79,10.883,23.454,23.002533559984062,46.250565943399714,20.00547491029037,10.741425586325844,4.77,20.196,0.1589057342474831,3.1
SWE,1997,3.065,1.818,4.1075,10.875,23.775,22.92106267531466,46.24617490156602,19.944403519791482,10.88835890332783,2.2895,19.981,0.05878175893370141,3.0
SWE,1998,4.246,1.008,4.1875,8.817,24.604,22.85472688120823,46.199682202641775,19.91033158906532,11.035259327084686,3.1795,21.103,0.05748104917242536,2.7
SWE,1999,4.201,0.57,3.115,7.55,25.042,22.78189344362097,46.13340063457878,19.905231461962448,11.179474459837792,2.5450000000000004,21.226,0.07997190249688924,3.0
SWE,2000,4.631,1.295,3.954166667,6.342,26.046,22.688058893829094,46.095868385628165,19.901976995077042,11.314095725465705,2.659166667,22.231,0.16273436636078387,3.4
SWE,2001,1.361,2.681,4.032727273,5.967,26.903,22.605894106708263,45.93215967384971,19.904011023354652,11.557935196087374,1.3517272729999998,22.304,0.26961482967791106,3.3
SWE,2002,2.278,1.936,4.065833333,6.083,25.956,22.56635189519741,45.661746412189565,19.978183867165278,11.793717825447745,2.1298333329999997,21.604,0.3262694452795589,3.3
SWE,2003,1.881,2.318,3.026666667,6.692,27.046,22.561797930910004,45.25042275818165,20.16566070554096,12.02211860536739,0.7086666670000001,21.246,0.37405407355581843,3.4
SWE,2004,4.18,1.019,2.114166667,7.517,27.097,22.558861465640497,44.73119702292972,20.463832424272763,12.246109087157013,1.0951666670000002,21.162,0.39490732249878313,3.7
SWE,2005,2.793,0.835,1.716666667,7.908,27.228,22.51424330219688,44.20572482988356,20.81249462541711,12.467537242502454,0.881666667,21.277,0.3998528543274871,4.0
SWE,2006,4.676,1.5,2.331666667,7.167,30.535,22.393013122557786,43.619578744762336,21.124030807137352,12.863377325542533,0.8316666669999999,22.455,0.5631649220763979,4.2
SWE,2007,3.225,1.679,3.5525,6.242,32.148,22.279088805216766,43.10158708071123,21.388855351902695,13.230468762169304,1.8735000000000002,24.078,0.7450094558489884,4.3
SWE,2008,-0.923,3.347,3.905,6.275,31.715,22.1296087810063,42.664085293766746,21.619993709259315,13.586312215967633,0.5579999999999998,23.961,0.7829399959522476,4.6
SWE,2009,-4.256,1.938,0.398333333,8.417,26.386,21.93695489926592,42.32686363958988,21.810324839709466,13.925856621434733,-1.5396666669999999,20.46,0.8551068883610569,4.1
SWE,2010,5.751,1.9,0.504166667,8.7,28.298,21.695571190817205,42.096873909709196,21.948854538893897,14.25870036057969,-1.395833333,22.422,0.8548685090668195,4.4
SWE,2011,3.164,1.36,1.6575,7.875,28.703,21.37749213985986,41.880260663825595,22.02918239409037,14.713064802224174,0.2974999999999999,23.237,0.7573602359165266,4.6
SWE,2012,-0.414,0.937,1.253333333,8.067,27.489,21.088277188060513,41.66670229533914,22.083097654479587,15.161922862120768,0.316333333,21.993,0.7432064249693893,4.5
SWE,2013,1.138,0.442,0.925833333,8.108,26.233,20.884680364393137,41.409012126300176,22.119826636196414,15.586480873110279,0.48383333300000003,21.899,0.8522886187191103,4.6
SWE,2014,2.296,0.209,0.420833333,8.042,26.151,20.75480536219838,41.13849385962375,22.127006801005752,15.979693977172124,0.21183333299999998,22.864,0.9979928379625358,4.5
SWE,2015,4.41,0.703,-0.289166667,7.517,26.388,20.699508438278087,40.837063675256694,22.1102973662433,16.35313052022191,-0.992166667,23.788,1.0627412646103451,3.9
SWE,2016,2.35,1.14,-0.655,7.058,26.203,20.67773155650148,40.320812271748856,22.04336167073791,16.95809450101176,-1.795,24.327,1.2633168397736316,3.8
SWE,2017,1.825,1.867,-0.695,6.783,27.139,20.726611715621654,39.7861334638581,21.957918191655352,17.529336628864893,-2.562,25.075,1.3562199192202584,3.9
SWE,2018,1.903,2.035,-0.685833333,6.433,27.533,20.753647680541835,39.23577485298004,21.89480034921462,18.115777117263494,-2.7208333330000003,25.308,1.1686679121600374,4.2
SWE,2019,2.55,1.722,-0.419633333,6.908,29.784,20.68922014276507,38.72723991584886,21.86958520302068,18.713954738365377,-2.141633333,24.46,1.019325570791807,4.0
SWE,2020,-2.005,0.661,-0.136838,8.483,30.25,20.543711652849446,38.22648097370922,21.875271189638585,19.354536183802747,-0.797838,24.41,0.7253681612004792,3.7
SWE,2021,5.938,2.652,-0.194335833,8.892,31.945,20.547033224378936,38.20645409478558,22.00800748339247,19.238505197443022,-2.8463358330000004,25.256,0.6031185124255156,4.2
SWE,2022,1.459,8.057,0.743717833,7.483,31.626,20.49128196306823,38.2320756706802,22.16876198707432,19.107880379177256,-7.3132821670000006,26.926,0.6836175215337637,4.6
SWE,2023,-0.114,5.909,3.567463333,7.667,31.836,20.338920725349414,38.22174850310297,22.44763158657911,18.9916991849685,-2.3415366669999997,24.862,0.6117472327105133,4.4
SWE,2024,0.974,2.004,3.467893333,8.35,32.06,20.175320088179514,38.11378223001625,22.818579505852693,18.89231817595156,1.4638933330000001,24.629,0.5260392509345291,4.3
TUR,1990,9.255,60.317,41.33333333,7.998,21.818,45.73930641051909,45.1487729919655,7.034489616312876,2.0774309812025225,-18.983666669999998,24.133,1.8897170353351367,3.2
TUR,1991,0.926,65.967,47.75,7.66,21.84,45.232459369438324,45.62287796130101,7.085049062761262,2.059613606499399,-18.217,22.958,1.7749689584393158,3.1
TUR,1992,5.984,70.073,48.0,7.944,22.032,44.717782128998095,46.09673674139392,7.142579940452785,2.0429011891552036,-22.072999999999993,23.529,1.71940349820896,3.0
TUR,1993,8.042,66.097,48.0,8.368,21.892,44.20618108048882,46.56567049497495,7.202394060919539,2.0257543636166933,-18.096999999999994,26.2,1.74003699854548,2.9
TUR,1994,-5.456,104.54,63.25,8.013,20.541,43.71846573087938,47.00981432379079,7.2633931576802215,2.008326787649608,-41.290000000000006,21.414,1.7537001835975063,2.8
TUR,1995,7.19,89.566,52.41666667,7.109,20.594,43.206329293712805,47.43756329680852,7.36318169902327,1.9929257104554023,-37.149333330000005,24.047,1.650181088296443,2.9
TUR,1996,7.007,80.236,50.0,6.124,20.45,42.653389868968254,47.869611618970616,7.4929654031269655,1.9840331089341567,-30.236000000000004,22.614,1.5184572786971717,3.1
TUR,1997,7.528,85.653,58.5,6.318,20.76,42.07329292940607,48.322222375313196,7.6283026961687055,1.9761819991120229,-27.153000000000006,23.012,1.4557158990480934,3.0
TUR,1998,3.092,84.721,67.0,6.373,25.623,41.45400136689171,48.80842025253465,7.768394808183834,1.969183572389804,-17.721000000000004,23.881,1.4023475041734734,2.7
TUR,1999,-3.263,64.87,66.41666667,7.155,21.741,40.791177875221166,49.33400921763864,7.911711406329484,1.9631015008107247,1.5466666699999934,21.339,1.345489608018946,3.0
TUR,2000,6.933,55.035,60.0,5.997,21.292,40.10818778719821,49.876835207076006,8.057095194542917,1.9578818111828589,4.965000000000003,23.718,1.2912434987517152,3.4
TUR,2001,-5.75,54.246,60.0,7.804,21.366,39.380202873183364,50.43123020307244,8.241869802108313,1.9466971216358728,5.753999999999998,18.025,1.2520511448654847,3.3
TUR,2002,6.448,45.134,56.66666667,9.764,22.322,38.66392961526057,50.9731953350303,8.426641907385198,1.9362331423239363,11.532666669999998,21.108,1.2131722350962937,3.3
TUR,2003,5.763,25.337,50.33333333,9.925,20.683,37.97874768916219,51.485598638613524,8.60904792350901,1.9266057487152821,24.996333330000002,22.309,1.1677077778377232,3.4
TUR,2004,9.796,8.599,40.08333333,9.688,22.312,37.332686548466285,51.96000467513871,8.789494502010326,1.9178142743846616,31.484333330000002,24.982,1.1217279960405557,3.7
TUR,2005,8.992,8.179,28.91666667,9.2,23.648,36.72778146215316,52.39070294644104,8.971640399863222,1.9098751915425853,20.737666670000003,26.804,1.0743714589574571,4.0
TUR,2006,6.948,9.597,23.33333333,8.7,24.627,36.16601213475279,52.769447313557905,9.160008402841934,1.9045321488473692,13.736333329999999,29.349,1.032449991224138,4.2
TUR,2007,5.044,8.756,26.83333333,8.9,23.924,35.654156560625516,53.08528059400102,9.360982253913768,1.8995805914596948,18.07733333,28.601,1.006828440480545,4.3
TUR,2008,0.815,10.444,25.0,9.8,24.629,35.190569268498685,53.376632458705906,9.540891680055983,1.8919065927394199,14.556,28.739,1.1473438538021519,4.6
TUR,2009,-4.823,6.251,19.66666667,12.9,21.904,34.73333981187678,53.67686302191651,9.707752509189008,1.8820446570177032,13.41566667,22.816,1.2611514924152356,4.1
TUR,2010,8.427,8.566,14.91666667,11.0,21.771,34.25763853347106,53.96001628919741,9.909394236575029,1.8729509407565041,6.350666669999999,26.753,1.217032843289756,4.4
TUR,2011,11.2,6.472,14.25,9.0,23.016,33.6046913460575,53.65522142410632,10.088017949637623,2.6520692801985604,7.778,31.003,1.184011254810713,4.6
TUR,2012,4.788,8.892,16.20833333,8.3,23.351,33.002982551271515,53.30679506630822,10.282212175763435,3.4080102066568347,7.316333329999999,28.073,1.3231729622837474,4.5
TUR,2013,8.486,7.493,11.22916667,8.9,23.898,32.40103615784562,52.96326725571922,10.503376495626199,4.132320090808963,3.7361666699999994,29.619,1.6035604039158047,4.6
TUR,2014,4.94,8.855,10.14583333,9.9,24.893,31.78023240356002,52.70514997445929,10.706964748672773,4.807652873307928,1.29083333,28.967,2.1375107487555223,4.5
TUR,2015,6.084,7.671,9.0,10.3,25.218,31.150250706668086,52.54238977453834,10.875579175133185,5.431780343660388,1.3289999999999997,28.199,2.5348148244209945,3.9
TUR,2016,3.323,7.775,8.979166667,10.9,24.982,30.630577440771766,52.53995395353543,11.088662600467348,5.740806005225451,1.204166666999999,28.02,2.046964123604722,3.8
TUR,2017,7.502,11.144,8.75,10.9,26.057,30.12006789012261,52.52335699887662,11.303906175921805,6.052668935078957,-2.394,30.694,1.7532601140998416,3.9
TUR,2018,3.013,16.332,14.4375,10.9,28.019,29.600341669953124,52.51447491240948,11.523744823232114,6.361438594405275,-1.8945000000000007,29.458,1.6035721920875545,4.2
TUR,2019,0.819,15.177,17.8125,13.7,26.39,29.130472068169805,52.29138957772888,11.887045607335684,6.691092746765634,2.6355000000000004,24.878,1.1155513781731852,4.0
TUR,2020,1.86,12.279,11.125,13.1,27.067,28.673122307046317,51.923357203406795,12.373048797629908,7.0304716919169845,-1.154,31.341,0.8599338323097783,3.7
TUR,2021,11.439,19.596,15.75,12.0,30.604,28.28449355334631,51.850778184234,12.882476953309292,6.982251309110403,-3.846,31.404,0.6906136813446206,4.2
TUR,2022,5.533,72.309,14.33333333,10.4,30.024,27.861145852289106,51.82350861945114,13.362946954990507,6.952398573269248,-57.975666669999995,35.04,0.4293875779207257,4.6
TUR,2023,5.111,53.859,20.20833333,9.4,26.558,27.436193889638645,51.77829589990382,13.850002913069087,6.935507297388453,-33.65066667000001,29.964,0.2435478063321117,4.4
TUR,2024,3.184,58.506,48.66666667,8.7,24.624,27.024767014536526,51.689864754368465,14.36598019258451,6.9193880385105,-9.839333330000002,25.544,0.23295786835833,4.3
USA,1990,1.886,5.419,8.1475,5.617,18.674,27.215180456185788,48.689650464355985,14.918583379082353,9.176585700375865,2.7285000000000013,21.529,1.076427018846604,3.2
USA,1991,-0.109,4.216,5.835,6.85,18.733,27.131651831501813,48.507036724530195,14.890068541652044,9.471242902315948,1.6189999999999998,20.111,1.2227154306462262,3.1
USA,1992,3.522,3.042,3.681666667,7.492,17.607,27.154245859079552,48.24582609495309,14.84243596285332,9.757492083114041,0.6396666670000002,20.078,1.2222012766354373,3.0
USA,1993,2.752,2.97,3.174166667,6.908,16.97,27.22649469289741,47.9580307946636,14.774459481861985,10.041015030576993,0.20416666699999997,20.394,1.1660790862362713,2.9
USA,1994,4.029,2.596,4.629166667,6.1,17.782,27.28305450147982,47.68495809451751,14.706696051501087,10.325291352501582,2.0331666669999997,21.279,1.0819571419734109,2.8
USA,1995,2.685,2.805,5.916666667,5.592,18.681,27.31081039339737,47.42600723341195,14.655263534956923,10.60791883823375,3.111666667,21.273,1.0287169995526257,2.9
USA,1996,3.773,2.937,5.39,5.408,19.57,27.267789602076487,47.205061527273045,14.553370305154942,10.973778565495527,2.453,21.702,0.9898747731939661,3.1
USA,1997,4.447,2.338,5.615833333,4.942,20.773,27.177749682881103,47.02892898671284,14.45881360621656,11.3345077241895,3.2778333330000002,22.41,0.9626042236855037,3.0
USA,1998,4.483,1.547,5.466666667,4.5,21.315,27.05730559449327,46.8806486412899,14.37548520801237,11.686560556204444,3.9196666670000004,22.958,0.9695174129369155,2.7
USA,1999,4.788,2.193,5.33,4.217,20.851,26.916942992627263,46.7618307917352,14.289949508274965,12.031276707362567,3.137,23.419,0.96557943837563,3.0
USA,2000,4.078,3.367,6.455833333,3.967,20.741,26.749915480581592,46.675953904264595,14.206096602664422,12.368034012489383,3.088833333,23.678,0.9680010814336448,3.4
USA,2001,0.956,2.817,3.686666667,4.742,19.581,26.5624543138006,46.713845388543376,14.164622486671693,12.559077810984343,0.8696666669999997,22.177,0.9931316536510693,3.3
USA,2002,1.7,1.596,1.725833333,5.783,18.303,26.344783810533055,46.695293805961654,14.213929601412111,12.745992782093186,0.12983333299999988,21.723,0.986598799266436,3.3
USA,2003,2.796,2.298,1.150833333,5.992,17.351,26.133774265247805,46.61269110213321,14.325093838918427,12.928440793700558,-1.147166667,21.746,0.9835999830823283,3.4
USA,2004,3.848,2.668,1.563333333,5.542,17.662,25.935054836855585,46.5108921857221,14.449119073822917,13.104933903599406,-1.104666667,22.652,0.9927815072997115,3.7
USA,2005,3.483,3.366,3.511666667,5.083,18.052,25.73399604855206,46.431780297697024,14.558579144796823,13.275644508954093,0.14566666699999997,23.376,1.0008700767093703,4.0
USA,2006,2.785,3.222,5.153333333,4.608,19.126,25.614379753581634,46.21131600016503,14.702830079861739,13.471474166391598,1.931333333,23.538,1.0190653324478438,4.2
USA,2007,2.004,2.871,5.268333333,4.617,17.354,25.508748584623824,45.85959611143861,14.97281093422806,13.658844369709499,2.397333333,22.557,1.0424175061545027,4.3
USA,2008,0.114,3.815,2.965,5.8,14.975,25.38506623427051,45.51571891013366,15.257375666205169,13.841839189390658,-0.8500000000000001,21.037,1.0356689762150095,4.6
USA,2009,-2.576,-0.32,0.555833333,9.283,13.798,25.217142417315497,45.22626308640403,15.532151756969533,14.024442739310944,0.8758333330000001,17.769,1.0011209860880665,4.1
USA,2010,2.695,1.637,0.311666667,9.608,15.288,24.99642499830982,44.98629199590219,15.813191606749239,14.20409139903876,-1.3253333330000001,18.672,0.9867221004107085,4.4
USA,2011,1.564,3.14,0.303333333,8.933,16.238,24.840716901749673,44.80848523563188,16.029892869162722,14.320904993455722,-2.8366666670000003,19.034,0.9780301912678091,4.6
USA,2012,2.289,2.073,0.2825,8.075,18.288,24.70522423095095,44.605208796346695,16.252632289364595,14.436934683337762,-1.7905,19.951,0.9583660726427246,4.5
USA,2013,2.118,1.466,0.166666667,7.358,18.475,24.5966792387631,44.34678982470564,16.505072702039364,14.551458234491893,-1.2993333329999999,20.379,0.9445788283329648,4.6
USA,2014,2.524,1.615,0.124166667,6.158,19.571,24.520435404719223,44.03166519679439,16.784459162400065,14.66344023608632,-1.490833333,20.901,0.938618248691836,4.5
USA,2015,2.946,0.121,0.226666667,5.275,19.611,24.474284627774793,43.675378887835926,17.077272192754815,14.773064291634459,0.10566666699999999,21.415,0.9319022597924942,3.9
USA,2016,1.82,1.267,0.644166667,4.875,18.472,24.350164939606273,43.37608298251288,17.488603043058042,14.785149034822807,-0.6228333329999999,20.888,0.9361183567616171,3.8
USA,2017,2.458,2.131,1.1525,4.358,18.882,24.225045705597633,43.068376769712344,17.908332167749144,14.798245356940878,-0.9784999999999997,21.156,0.9190225015474729,3.9
USA,2018,2.967,2.439,2.188333333,3.892,19.126,24.07787701535321,42.7613517926182,18.342000993429473,14.818770198599115,-0.25066666699999995,21.569,0.8584581577791184,4.2
USA,2019,2.584,1.813,2.2075,3.675,19.329,23.905729388877692,42.468181135812046,18.781945383228134,14.844144092082118,0.3945000000000001,21.67,0.8158531532431734,4.0
USA,2020,-2.163,1.253,0.533636364,8.1,18.232,23.676256488154902,42.18738985640506,19.219605768664742,14.916747886775298,-0.7193636359999999,21.419,0.4873121394764368,3.7
USA,2021,6.055,4.679,0.114166667,5.358,17.613,23.43571930599859,42.00210070253083,19.677237168101016,14.884942823369565,-4.564833333,21.333,0.21367272809269533,4.2
USA,2022,2.512,7.993,2.2275,3.642,18.315,23.208380553674555,41.80867584985755,20.15782245052931,14.825121145938583,-5.7655,21.95,0.4035156059913225,4.6
USA,2023,2.887,4.128,5.1775,3.633,17.355,22.946960386774865,41.631725278175935,20.68006918127509,14.741245153774122,1.0495,21.541,0.5689885168417508,4.4
USA,2024,2.796,2.952,5.050833333,4.033,17.316,22.692485633943893,41.48986616319102,21.15958763345973,14.658060569405357,2.098833333,21.744,0.5675006183450071,4.3
